Species name,Chemical name,LC50 in mg per L
Abramis brama,Dichlorvos,21.930800258996474
Acipenser brevirostrum,Carbaryl,1.8099999999999998
Ameiurus melas,Ametryn,25.000000000000007
Ameiurus melas,Atrazine,35
Ameiurus melas,Azinphos-methyl,4.26242729413342
Ameiurus melas,Carbaryl,20.000000000000004
Ameiurus melas,Chlorbromuron,9
Ameiurus melas,Diazinon,7.999999999999999
Ameiurus melas,Dimethametryn,6
Ameiurus melas,Diquat dibromide,64.668384856899
Ameiurus melas,Fenthion,1.4858672620025821
Ameiurus melas,Fluometuron,55.00000000000001
Ameiurus melas,Malathion,12.285357137665967
Ameiurus melas,Methyl parathion,6.640000000000001
Ameiurus melas,Metobromuron,39.99999999999999
Ameiurus melas,"p,p'-DDT",0.014204782245768563
Ameiurus melas,Profenofos,0.020000000000000004
Ameiurus melas,Prometon,20.000000000000004
Ameiurus melas,Secbumeton,25.000000000000007
Ameiurus melas,Simazine,64.99999999999999
Ameiurus melas,Terbumeton,10
Ameiurus melas,Terbutryn,3
Ameiurus melas,Terbutylazine,7
Ameiurus melas,Trichlorfon,0.515
Ameiurus nebulosus,Dinocap,0.61
Ameiurus nebulosus,Molinate,34
Ameiurus nebulosus,Monuron,57.00000000000001
Anguilla anguilla,"2,3,5,6-Tetrachloronitrobenzene",1.4
Anguilla anguilla,Chlorpyrifos,0.54
Anguilla anguilla,Diazinon,0.08315785056852004
Anguilla anguilla,Dichlorvos,0.852
Anguilla anguilla,Disulfoton,0.037
Anguilla anguilla,Endosulfan,0.03327835266446326
Anguilla anguilla,Fenitrothion,0.20000000000000004
Anguilla anguilla,Methyl parathion,4.781840649791668
Anguilla anguilla,Molinate,33.5
Anguilla anguilla,Thiobencarb,13.199999999999998
Anguilla anguilla,Trichlorfon,3.38
Anguilla japonica,"2,7,8,9-Tricyclazole",3.5000000000000004
Anguilla japonica,Acephate,100
Anguilla japonica,Ametryn,1.5
Anguilla japonica,Benfuracarb,1.2
Anguilla japonica,Bensultap,28
Anguilla japonica,Benzofenap,39.99999999999999
Anguilla japonica,Bilanafos,7.4
Anguilla japonica,Captafol,0.08399999999999999
Anguilla japonica,Captan,0.29999999999999993
Anguilla japonica,Carbaryl,10
Anguilla japonica,Carbosulfan,1.3
Anguilla japonica,Chlorfenvinphos,0.038
Anguilla japonica,Chlornitrofen,150.00000000000003
Anguilla japonica,Chlorothalonil,0.038
Anguilla japonica,Chlorpyrifos-methyl,5.000000000000001
Anguilla japonica,Cycloprothrin,100
Anguilla japonica,Cypermethrin,0.0036
Anguilla japonica,Diazinon,2.8
Anguilla japonica,Dichlorvos,1.5
Anguilla japonica,Dicofol,4.4
Anguilla japonica,Dimethirimol,86.99999999999999
Anguilla japonica,Dimethoate,200.00000000000003
Anguilla japonica,Dinocap,0.013999999999999999
Anguilla japonica,Disulfoton,7.500000000000001
Anguilla japonica,Edifenphos,4
Anguilla japonica,Endosulfan,0.013999999999999999
Anguilla japonica,EPN,3.2000000000000006
Anguilla japonica,Ethidimuron,44
Anguilla japonica,Etofenprox,13.999999999999998
Anguilla japonica,Fenitrothion,6.5
Anguilla japonica,Fenobucarb,18.999999999999996
Anguilla japonica,Fenthion,12.000000000000002
Anguilla japonica,Fenvalerate,0.0048
Anguilla japonica,Flutolanil,100
Anguilla japonica,Hexazinone,75.00000000000001
Anguilla japonica,Malathion,4.1
Anguilla japonica,Mecoprop,100
Anguilla japonica,Methomyl,1.7
Anguilla japonica,Metolcarb,22.999999999999996
Anguilla japonica,Permethrin,0.35
Anguilla japonica,Phosmet,1.3
Anguilla japonica,Pretilachlor,5.3
Anguilla japonica,Profenofos,2.5
Anguilla japonica,Propargite,3.2999999999999994
Anguilla japonica,Propoxur,4.4
Anguilla japonica,Pyroquilon,44
Anguilla japonica,Quinalphos,0.5
Anguilla japonica,Tebuthiuron,39.99999999999999
Anguilla japonica,Thiazafluron [BSI:ISO],73
Anguilla japonica,Tralomethrin,0.0021999999999999997
Anguilla japonica,Trichlorfon,4.6000000000000005
Anguilla japonica,Triforine,1.8
Aplodinotus grunniens,"p,p'-DDT",0.01
Brevoortia patronus,Fenthion,0.54
Carassius auratus,"2,4-Dichlorophenoxyacetic acid",187.00000000000003
Carassius auratus,Aldicarb,7.4
Carassius auratus,Ametryn,13.999999999999998
Carassius auratus,Asulam,4999.999999999999
Carassius auratus,Atrazine,65.99921982840894
Carassius auratus,Azinphos-methyl,2.297240457747158
Carassius auratus,Benfluralin,0.8049844718999244
Carassius auratus,Captafol,0.2238309736783722
Carassius auratus,Captan,1.0920622692868756
Carassius auratus,Carbaryl,13.893696914910677
Carassius auratus,Carbofuran,8.99861100392722
Carassius auratus,Chlordane,0.082
Carassius auratus,Chloroxuron,68.00000000000001
Carassius auratus,Chlorpyrifos,1.6234592695845498
Carassius auratus,Chlorpyrifos-methyl,0.35
Carassius auratus,Dalapon,100
Carassius auratus,Diazinon,9
Carassius auratus,Dichlobenil,7.769728825824771
Carassius auratus,Dicloran,32.00000000000001
Carassius auratus,Dinocap,0.033
Carassius auratus,Diphenamid,53.14978833447974
Carassius auratus,Diquat,54.54356057317858
Carassius auratus,Diquat dibromide,83.99999999999999
Carassius auratus,Disulfoton,7.200000000000001
Carassius auratus,Dithianon,0.15
Carassius auratus,Endothal,444.99999999999994
Carassius auratus,EPN,1.0173494974687902
Carassius auratus,EPTC,25.939159585460754
Carassius auratus,Ethalfluralin,0.26
Carassius auratus,Ethoprop,10.233279044372823
Carassius auratus,Fenitrothion,2.8
Carassius auratus,Fenthion,3.1805660688158155
Carassius auratus,Glyphosate,7267.798140733367
Carassius auratus,Isoprocarb,4.61
Carassius auratus,Malathion,4.935522319437457
Carassius auratus,Methomyl,0.1
Carassius auratus,Methoxychlor,0.04622698148452478
Carassius auratus,Methyl parathion,9.90578174668388
Carassius auratus,Molinate,30.3
Carassius auratus,Oxamyl,27.5
Carassius auratus,"p,p'-DDT",0.023134993596930022
Carassius auratus,Parathion,2.6308862046289594
Carassius auratus,Permethrin,0.08443100468371963
Carassius auratus,Piperalin,2
Carassius auratus,Prometryn,4
Carassius auratus,Propargite,3.6999999999999997
Carassius auratus,Propoxur,42.5440947723653
Carassius auratus,Propyzamide,350
Carassius auratus,Trichlorfon,62.637542424597584
Carassius auratus,Trifluralin,0.145
Carassius auratus,Vernolate,12.699999999999998
Carassius carassius,Ametryn,27.000000000000004
Carassius carassius,Atrazine,83.2803218400853
Carassius carassius,Bifenox,101.99999999999999
Carassius carassius,Bromofenoxim,0.9
Carassius carassius,Chlorbromuron,7.999999999999999
Carassius carassius,Chlorotoluron,100
Carassius carassius,Chloroxuron,150.00000000000003
Carassius carassius,Chlorpyrifos,0.013999999999999999
Carassius carassius,Diazinon,8.363446607369195
Carassius carassius,Dimethametryn,7.999999999999999
Carassius carassius,EPTC,170.00000000000006
Carassius carassius,Fluometuron,137.93939478767237
Carassius carassius,Methoprotryne,32.27977339793338
Carassius carassius,Methyl parathion,11.000000000000002
Carassius carassius,Metobromuron,54.28835233189811
Carassius carassius,Metolachlor,4.900000000000001
Carassius carassius,"p,p'-DDT",0.039148676411688635
Carassius carassius,Piperophos,5.000000000000001
Carassius carassius,Profenofos,0.08999999999999998
Carassius carassius,Prometon,70.00000000000001
Carassius carassius,Secbumeton,43.65658981845461
Carassius carassius,Simazine,100
Carassius carassius,Simetryn,27.000000000000004
Carassius carassius,Terbumeton,29.999999999999996
Carassius carassius,Terbutryn,3.076642269253835
Carassius carassius,Terbutylazine,73.18860343940565
Carassius carassius,Trifluralin,49.49999999999999
Catostomus latipinnis,Boric acid,124.99999999999994
Channa punctata,"2,4-Dichlorophenoxyacetic acid",359.81939914351506
Channa punctata,Atrazine,42.400000000000006
Channa punctata,Carbaryl,9.003994664255897
Channa punctata,Carbofuran,0.17999999999999997
Channa punctata,Carbosulfan,0.268
Channa punctata,Chlorpyrifos,0.5444079352838274
Channa punctata,Deltamethrin,0.025099800796022267
Channa punctata,Diazinon,1.9172260264769132
Channa punctata,Dichlorvos,2.3
Channa punctata,Dimethoate,26.400757564888174
Channa punctata,Disulfoton,5.799999999999999
Channa punctata,Endosulfan,0.034217438641385246
Channa punctata,Glyphosate,32.50000000000001
Channa punctata,Iprobenfos,14.800000000000004
Channa punctata,lambda-Cyhalothrin,0.007919999999999998
Channa punctata,Malathion,2.731084884529522
Channa punctata,Methamidophos,8.580000000000002
Channa punctata,Methyl parathion,2.15
Channa punctata,Monocrotophos,24.01249674648599
Channa punctata,Monolinuron,103.99999999999997
Channa punctata,"p,p'-DDT",0.05088614742736965
Channa punctata,Profenofos,0.0024834854539537783
Channa punctata,Thiram,0.22000000000000003
Channa striata,Carbaryl,17.5
Channa striata,Diazinon,0.79
Channa striata,Fenobucarb,11.400000000000004
Channa striata,Fenvalerate,0.008000000000000004
Channa striata,Malathion,7.999999999999999
Channa striata,Methyl parathion,10.469999999999999
Channa striata,"p,p'-DDT",0.73
Channa striata,Paraquat,10.899999999999999
Clarias gariepinus,Chlorpyrifos,0.02144761058952721
Clarias gariepinus,Deltamethrin,0.4
Clarias gariepinus,Diazinon,6.3710281744785915
Clarias gariepinus,Dimethoate,39.400000000000006
Clarias gariepinus,Fenvalerate,0.003740908980448468
Clarias gariepinus,lambda-Cyhalothrin,0.008000000000000004
Colossoma macropomum,Carbendazim,4.16
Colossoma macropomum,Malathion,1.51
Coregonus clupeaformis,Methoxychlor,0.114
Ctenopharyngodon idella,Abamectin,0.1
Ctenopharyngodon idella,Asulam,10000
Ctenopharyngodon idella,Atrazine,37
Ctenopharyngodon idella,Butachlor,0.24
Ctenopharyngodon idella,Carbofuran,2.71
Ctenopharyngodon idella,Chlorpyrifos,0.049999999999999996
Ctenopharyngodon idella,Deltamethrin,0.09100000000000001
Ctenopharyngodon idella,Diazinon,15.100000000000001
Ctenopharyngodon idella,Dichlobenil,9.4
Ctenopharyngodon idella,Diquat,52.999999999999986
Ctenopharyngodon idella,Diquat dibromide,1718.9997091331913
Ctenopharyngodon idella,Diuron,30.999999999999996
Ctenopharyngodon idella,Endosulfan,0.002590111097196186
Ctenopharyngodon idella,Fenpropathrin,0.0035889999999999993
Ctenopharyngodon idella,Fenvalerate,0.21396153266709317
Ctenopharyngodon idella,Folpet,1.25
Ctenopharyngodon idella,Paraquat dichloride,66.00000000000001
Ctenopharyngodon idella,Permethrin,0.012352856021821953
Ctenopharyngodon idella,Terbutryn,5.799999999999999
Ctenopharyngodon idella,Thiobencarb,1.51
Culaea inconstans,"p,p'-DDT",0.067
Cyprinella lutrensis,Malathion,0.025000000000000005
Cyprinodon bovinus,Carbaryl,4.54
Cyprinodon macularius,Carbaryl,7.71
Cyprinodon macularius,Cypermethrin,0.006000000000000003
Cyprinodon macularius,Deltamethrin,5.999999999999997e-4
Cyprinodon macularius,Fenvalerate,0.025000000000000005
Cyprinodon macularius,Permethrin,0.004999999999999999
Cyprinodon variegatus,"1,3-Dichloropropene",1.8
Cyprinodon variegatus,Aldicarb,0.08866337510786455
Cyprinodon variegatus,Atrazine,2
Cyprinodon variegatus,Azinphos-methyl,0.0020000000000000005
Cyprinodon variegatus,Biphenyl,4.6000000000000005
Cyprinodon variegatus,Carbaryl,4.36
Cyprinodon variegatus,Carbofuran,0.386
Cyprinodon variegatus,Chlorpyrifos,0.19162463307205574
Cyprinodon variegatus,Deltamethrin,4.7999999999999996e-4
Cyprinodon variegatus,Diazinon,1.47
Cyprinodon variegatus,Endosulfan,3.400000000000002e-4
Cyprinodon variegatus,EPN,0.1889
Cyprinodon variegatus,Ethoprop,0.3649657518178932
Cyprinodon variegatus,Fenthion,1.89
Cyprinodon variegatus,Fenvalerate,0.024596747752497677
Cyprinodon variegatus,Fluopicolide,0.41
Cyprinodon variegatus,Fluridone,10.700000000000003
Cyprinodon variegatus,Furfural,13.999999999999998
Cyprinodon variegatus,Malathion,0.05099999999999999
Cyprinodon variegatus,Mandipropamid,4.500000000000001
Cyprinodon variegatus,Methoxychlor,0.048999999999999995
Cyprinodon variegatus,Napropamide,13.999999999999998
Cyprinodon variegatus,Permethrin,0.08800000000000001
Cyprinodon variegatus,tau-Fluvalinate,0.0017000000000000008
Cyprinodon variegatus,Terbufos,0.0033999999999999985
Cyprinodon variegatus,Thiobencarb,1.37
Cyprinodon variegatus,Thiodicarb,1
Cyprinodon variegatus,Trichlorfon,11.000000000000002
Cyprinodon variegatus,Trifluralin,0.16
Cyprinus carpio,"2,4-Dichlorophenoxyacetic acid",55.02624188728566
Cyprinus carpio,"2,4,5-Trichlorophenoxyacetic acid",20.76442158039174
Cyprinus carpio,"2,7,8,9-Tricyclazole",13.999999999999998
Cyprinus carpio,Abamectin,0.04200000000000001
Cyprinus carpio,Alachlor,4.6000000000000005
Cyprinus carpio,Allethrin,0.03200000000000001
Cyprinus carpio,alpha-Cypermethrin,0.0031932147896229887
Cyprinus carpio,Atrazine,30.659419433511772
Cyprinus carpio,Azinphos-methyl,0.695
Cyprinus carpio,Bentazone,978.0000000000002
Cyprinus carpio,Bifenthrin,0.05750000000000001
Cyprinus carpio,Bromuconazole,4.8
Cyprinus carpio,Buprofezin,1.6
Cyprinus carpio,Butachlor,0.1
Cyprinus carpio,Carbaryl,3.1075422902858953
Cyprinus carpio,Carbofuran,0.8091087168441629
Cyprinus carpio,Chlordane,0.038305310784774074
Cyprinus carpio,Chlorfenvinphos,0.045000000000000005
Cyprinus carpio,Chlorothalonil,0.05500000000000001
Cyprinus carpio,Chlorpyrifos,0.03577708763999665
Cyprinus carpio,Cymoxanil,91.00000000000001
Cyprinus carpio,Cypermethrin,0.006770760595718866
Cyprinus carpio,Dalapon,10000
Cyprinus carpio,Deltamethrin,0.005151371090790345
Cyprinus carpio,Diazinon,4.873685740066489
Cyprinus carpio,Dichlobenil,10.899999999999999
Cyprinus carpio,Dichlorvos,1.788686669039606
Cyprinus carpio,Diflubenzuron,389
Cyprinus carpio,Dimethoate,5.80282907959896
Cyprinus carpio,Dimethomorph,18.700000000000003
Cyprinus carpio,Dinitramine,1.4069046663723899
Cyprinus carpio,Diquat,50.29999999999999
Cyprinus carpio,Diquat dibromide,59.09999999999999
Cyprinus carpio,Diuron,2.9
Cyprinus carpio,Endosulfan,0.004090533727330137
Cyprinus carpio,Ethion,0.43
Cyprinus carpio,Ethoprop,0.64
Cyprinus carpio,Fenitrothion,5.614394115819878
Cyprinus carpio,Fenobucarb,2.5592258401316057
Cyprinus carpio,Fenoxycarb,2.7
Cyprinus carpio,Fenpropathrin,0.003000000000000001
Cyprinus carpio,Fenthion,1.5043382557435532
Cyprinus carpio,Fenvalerate,0.009208822057045237
Cyprinus carpio,Fluazinam,0.145
Cyprinus carpio,Fluopicolide,1.3
Cyprinus carpio,Fluopyram,42.9
Cyprinus carpio,Fluoxastrobin,0.484
Cyprinus carpio,Flutolanil,4.447960181138631
Cyprinus carpio,Folpet,3.16
Cyprinus carpio,Fthalide,50.999999999999986
Cyprinus carpio,Glyphosate,31.30377817226035
Cyprinus carpio,Indoxacarb,1.02
Cyprinus carpio,Isoprocarb,17.57351388022193
Cyprinus carpio,Malathion,4.476060854565099
Cyprinus carpio,MCPA,9.21737489744233
Cyprinus carpio,Metconazole,3.2999999999999994
Cyprinus carpio,Methamidophos,68.49817515817482
Cyprinus carpio,Methoxychlor,0.03338472313548371
Cyprinus carpio,Methyl iodide,1.19
Cyprinus carpio,Methyl parathion,9.444984567845284
Cyprinus carpio,Metoxuron,161.99999999999994
Cyprinus carpio,Molinate,35.23066845803524
Cyprinus carpio,Monolinuron,12.900000000000002
Cyprinus carpio,"p,p'-DDT",0.1008917694024845
Cyprinus carpio,Paraquat,9.007992899405176
Cyprinus carpio,Paraquat dichloride,63.521649852629
Cyprinus carpio,Parathion,1.7248188310660342
Cyprinus carpio,Penthiopyrad,0.572
Cyprinus carpio,Permethrin,0.031015819095599438
Cyprinus carpio,Phosalone,0.05800000000000001
Cyprinus carpio,Phosmet,50.970204428843694
Cyprinus carpio,Pirimicarb,409.99999999999994
Cyprinus carpio,Pirimiphos-methyl,5.000000000000001
Cyprinus carpio,Profenofos,0.10443147895969142
Cyprinus carpio,Prometryn,8.239068575512645
Cyprinus carpio,Propanil,7.17
Cyprinus carpio,Propiconazole,17.6583719615346
Cyprinus carpio,Propoxur,6.349325469580222
Cyprinus carpio,Prothioconazole,6.42
Cyprinus carpio,Pyrimethanil,36.60000000000001
Cyprinus carpio,Quinoxyfen,0.41
Cyprinus carpio,Resmethrin,0.003949999999999999
Cyprinus carpio,Sedaxane,0.62
Cyprinus carpio,Spirotetramat,2.59
Cyprinus carpio,Tebuconazole,2.37
Cyprinus carpio,Tetramethrin,0.11999999999999998
Cyprinus carpio,Thiobencarb,0.2580424984575608
Cyprinus carpio,Thiram,3.0000000000000014e-4
Cyprinus carpio,Tolfenpyrad,0.004732863826479695
Cyprinus carpio,Trichlorfon,27.432807704198396
Cyprinus carpio,Trichloroacetic acid,2499.9999999999995
Cyprinus carpio,Trifluralin,0.1723368793961409
Danio rerio,"2,4-Dichlorophenoxyacetic acid",68.3520299625402
Danio rerio,Alachlor,0.8
Danio rerio,Aldicarb,10.100000000000001
Danio rerio,Atrazine,271.00000000000006
Danio rerio,Bifenthrin,0.003199999999999999
Danio rerio,Carbaryl,9.26
Danio rerio,Chlorpyrifos,1.6
Danio rerio,Clethodim,133
Danio rerio,Deltamethrin,1.2100000000000005e-4
Danio rerio,Diazinon,5.60536387198186
Danio rerio,Dichlobenil,16.019987515600633
Danio rerio,Dichlorvos,12.999999999999998
Danio rerio,Dimethoate,0.5120379253208467
Danio rerio,Diquat,23.5
Danio rerio,Endosulfan,0.001600000000000001
Danio rerio,Esfenvalerate,0.11036303729057115
Danio rerio,Etofenprox,0.07910000000000002
Danio rerio,Fenvalerate,0.08810546068486026
Danio rerio,Fipronil,0.18100000000000002
Danio rerio,Fluopicolide,1.7
Danio rerio,gamma-Cyhalothrin,7.609204951898722e-4
Danio rerio,lambda-Cyhalothrin,0.003669510264444145
Danio rerio,Malathion,0.33758331390962903
Danio rerio,Metalaxyl,241.9999999999999
Danio rerio,Metalaxyl-M,226.9999999999999
Danio rerio,Methyl disulfide,7.500000000000001
Danio rerio,Paraquat,48.50000000000001
Danio rerio,Paraquat dichloride,39.99999999999999
Danio rerio,Parathion,5.64
Danio rerio,Permethrin,0.002499999999999999
Danio rerio,Phoxim,0.469
Danio rerio,Prometryn,2.626785107312739
Danio rerio,Tebuconazole,22.91898776124286
Danio rerio,Tetramethrin,0.046
Danio rerio,Triazophos,5.200000000000001
Esox lucius,Allethrin,0.0033000000000000004
Esox lucius,Azinphos-methyl,3.6e-4
Esox lucius,Deltamethrin,0.023
Esox lucius,Dinitramine,0.758
Esox lucius,Diquat,16
Esox lucius,Fenvalerate,5.999999999999997e-4
Esox lucius,Methoxychlor,0.01174734012447073
Esox lucius,"p,p'-DDT",0.0023141534315924113
Esox lucius,Permethrin,0.006134329629226003
Esox lucius,Phorate,0.11
Esox lucius,Phoxim,0.20934675170985648
Esox lucius,Pyrethrins,0.016999999999999998
Esox lucius,Resmethrin,0.0010499999999999995
Fundulus diaphanus,"2,4-Dichlorophenoxyacetic acid",26.699999999999996
Fundulus diaphanus,"2,4,5-Trichlorophenoxyacetic acid",17.4
Fundulus diaphanus,Malathion,0.24
Fundulus diaphanus,Methyl parathion,15.200000000000003
Galaxias maculatus,Chlorothalonil,0.016299999999999995
Galaxias maculatus,Cypermethrin,0.0023400000000000005
Gambusia affinis,"2-(2,4,5-Trichlorophenoxy)propionic acid",0.35
Gambusia affinis,"2,7,8,9-Tricyclazole",1.4
Gambusia affinis,Acephate,313.68774282716225
Gambusia affinis,Alachlor,3.748
Gambusia affinis,Allethrin,0.65
Gambusia affinis,Azinphos-methyl,0.07282856582413248
Gambusia affinis,Bentazone,2079.731535863835
Gambusia affinis,Boric acid,5599.999999999998
Gambusia affinis,Butachlor,1.195867885679685
Gambusia affinis,Butylate,8.5
Gambusia affinis,Carbaryl,6.1348125585537785
Gambusia affinis,Carbofuran,0.61622401477490385
Gambusia affinis,Carbon disulfide,135
Gambusia affinis,Chlordane,0.040999999999999995
Gambusia affinis,Chlorpyrifos,0.4614799013901975
Gambusia affinis,Coumaphos,3.5000000000000004
Gambusia affinis,Cycloate,10
Gambusia affinis,Cypermethrin,0.004791419857062785
Gambusia affinis,Dalapon,19099.999999999985
Gambusia affinis,Deltamethrin,0.001083725304051255
Gambusia affinis,Diazinon,1.273
Gambusia affinis,Dicamba,465.00000000000006
Gambusia affinis,Dichlorvos,5.279981084451672
Gambusia affinis,Dicofol,1.215030863805525
Gambusia affinis,Dicrotophos,3.5000000000000004
Gambusia affinis,Dinoseb,0.87
Gambusia affinis,Diquat,10
Gambusia affinis,Diquat dibromide,288.99999999999994
Gambusia affinis,Diuron,10
Gambusia affinis,Endosulfan,0.005453186370976551
Gambusia affinis,Endothal,10
Gambusia affinis,EPTC,16.399999999999995
Gambusia affinis,Ethion,0.206
Gambusia affinis,Ethoprop,5.4
Gambusia affinis,Fenitrothion,0.002241710782337566
Gambusia affinis,Fenobucarb,3.1386939959161357
Gambusia affinis,Fenpropathrin,0.0013000000000000006
Gambusia affinis,Fenvalerate,0.006967558244756899
Gambusia affinis,Fthalide,130.00000000000006
Gambusia affinis,Furfural,23.999999999999993
Gambusia affinis,Glyphosate,6.2
Gambusia affinis,Isoprocarb,12.000000000000002
Gambusia affinis,lambda-Cyhalothrin,1.11
Gambusia affinis,Malathion,0.2966877249158582
Gambusia affinis,MCPA,10
Gambusia affinis,Methoxychlor,0.3132091952673165
Gambusia affinis,Methyl parathion,0.6460110737525405
Gambusia affinis,Molinate,7.355640868767922
Gambusia affinis,Monocrotophos,70.00000000000001
Gambusia affinis,Naled,0.003310000000000001
Gambusia affinis,Nitrofen,0.782
Gambusia affinis,Oxadiazon,3.189
Gambusia affinis,"p,p'-DDT",0.04470321896680052
Gambusia affinis,Paraquat,122.99327083286752
Gambusia affinis,Parathion,0.3891076030228883
Gambusia affinis,Pebulate,10
Gambusia affinis,Permethrin,0.01361181344122957
Gambusia affinis,Phosmet,0.34
Gambusia affinis,Pirimiphos-methyl,2.23
Gambusia affinis,Profenofos,0.34826350764694447
Gambusia affinis,Propanil,8.490300348044233
Gambusia affinis,Pyrethrins,0.027000000000000003
Gambusia affinis,Resmethrin,0.005239999999999998
Gambusia affinis,Temephos,0.169617216107328
Gambusia affinis,Tetramethrin,0.14
Gambusia affinis,Thiobencarb,0.8872269873727825
Gambusia affinis,Trifluralin,6.6038544977892535
Gambusia affinis,Vernolate,14.499999999999998
Gasterosteus aculeatus,"2,3,5,6-Tetrachloronitrobenzene",0.634
Gasterosteus aculeatus,Chlordane,0.08999999999999998
Gasterosteus aculeatus,Chlorothalonil,0.06900000000000002
Gasterosteus aculeatus,Chlorpyrifos,0.008519976525789261
Gasterosteus aculeatus,Endosulfan,0.006000000000000003
Gasterosteus aculeatus,Fenitrothion,15.700000000000003
Gila cypha,"p,p'-DDT",2.166333307688362
Gila cypha,Parathion,1.6
Gila elegans,Boric acid,351.08993563950264
Gila elegans,Carbaryl,3.1591661186066116
Gila elegans,Malathion,4.838284820057621
Heterobranchus longifilis,Dichlorvos,1.32
Heterobranchus longifilis,Paraquat,7.67
Huso huso,Diazinon,5.63
Hypophthalmichthys molitrix,Endosulfan,7.968153051252999e-4
Hypophthalmichthys molitrix,Methamidophos,112.35924528048409
Hypophthalmichthys nobilis,Butachlor,0.58
Hypophthalmichthys nobilis,Carbofuran,2.37
Hypophthalmichthys nobilis,Thiobencarb,2.45
Ictalurus furcatus,Malathion,17
Ictalurus punctatus,"2-(2,4,5-Trichlorophenoxy)propionic acid",22.283509831726715
Ictalurus punctatus,"2,4-Dichlorophenoxyacetic acid",7
Ictalurus punctatus,Abamectin,0.024000000000000007
Ictalurus punctatus,Acephate,856.6257002962541
Ictalurus punctatus,Alachlor,10.418733128360666
Ictalurus punctatus,Aldicarb,8.485281374238571
Ictalurus punctatus,Allethrin,0.02377116188755446
Ictalurus punctatus,Amitrole,159.99999999999991
Ictalurus punctatus,Anilazine,0.24
Ictalurus punctatus,Asulam,4999.999999999999
Ictalurus punctatus,Atrazine,2.2882307575941727
Ictalurus punctatus,Azinphos-methyl,3.414507481664648
Ictalurus punctatus,Benomyl,0.024033905431513816
Ictalurus punctatus,Bensulide,0.3794996706190929
Ictalurus punctatus,Binapacryl,0.014999999999999996
Ictalurus punctatus,Captafol,0.028
Ictalurus punctatus,Captan,0.07766630952289817
Ictalurus punctatus,Carbaryl,4.803737303554094
Ictalurus punctatus,Carbendazim,0.01861185901954416
Ictalurus punctatus,Carbofuran,0.4623336770494847
Ictalurus punctatus,Chlorbromuron,10.2
Ictalurus punctatus,Chlorothalonil,0.10276602564033516
Ictalurus punctatus,Chloroxuron,0.45
Ictalurus punctatus,Chlorpyrifos,0.5934422825924962
Ictalurus punctatus,Chlorpyrifos-methyl,0.135
Ictalurus punctatus,Chlorsulfuron,49.99999999999999
Ictalurus punctatus,Coumaphos,1.6866403852307017
Ictalurus punctatus,Cyanazine,12.38864710122698
Ictalurus punctatus,Cyfluthrin,0.0020000000000000005
Ictalurus punctatus,Dicofol,0.33877297039717025
Ictalurus punctatus,Dicrotophos,9.152806528572176
Ictalurus punctatus,Diflubenzuron,370
Ictalurus punctatus,Dinitramine,1.7770682496996808
Ictalurus punctatus,Dinoseb,0.053983281166092946
Ictalurus punctatus,Disulfoton,4.700000000000001
Ictalurus punctatus,Dithianon,0.13000000000000003
Ictalurus punctatus,Endosulfan,0.0015000000000000005
Ictalurus punctatus,Endothal,0.49000000000000005
Ictalurus punctatus,EPN,0.42
Ictalurus punctatus,Ethion,7.6000000000000005
Ictalurus punctatus,Fenitrothion,3.881637848687818
Ictalurus punctatus,Fenpropathrin,0.010999999999999998
Ictalurus punctatus,Fenthion,1.7517128791933623
Ictalurus punctatus,Fenvalerate,0.001535193337181076
Ictalurus punctatus,Fipronil,0.56
Ictalurus punctatus,Fluchloralin,0.21633307652783934
Ictalurus punctatus,Fluometuron,3.1572058272310484
Ictalurus punctatus,Fluorodifen,0.27
Ictalurus punctatus,Fluridone,10.433374305616576
Ictalurus punctatus,Folpet,0.10799999999999998
Ictalurus punctatus,Glyphosate,17.904489412977767
Ictalurus punctatus,Hydramethylnon,0.07937253933193772
Ictalurus punctatus,Imazaquin,319.9999999999999
Ictalurus punctatus,Imazethapyr,239.99999999999994
Ictalurus punctatus,Indoxacarb,0.29
Ictalurus punctatus,Iprodione,3.079935064250544
Ictalurus punctatus,Isofenphos,2.1
Ictalurus punctatus,Linuron,2.2847319317591723
Ictalurus punctatus,Malathion,12.067656664838578
Ictalurus punctatus,Methomyl,0.4889585693640903
Ictalurus punctatus,Methoprene,100
Ictalurus punctatus,Methoxychlor,0.16947009157208118
Ictalurus punctatus,Methyl parathion,6.088213549924018
Ictalurus punctatus,Metolachlor,4.900000000000001
Ictalurus punctatus,Metribuzin,3.4
Ictalurus punctatus,Molinate,20.511520903721635
Ictalurus punctatus,Monocrotophos,11.960669753659095
Ictalurus punctatus,Monuron,63.1
Ictalurus punctatus,Naled,0.71
Ictalurus punctatus,Oxamyl,16.20123447382936
Ictalurus punctatus,Oxydemeton-methyl,17.999999999999996
Ictalurus punctatus,Oxyfluorfen,0.4
Ictalurus punctatus,"p,p'-DDT",0.019887088136308927
Ictalurus punctatus,Paraquat,100
Ictalurus punctatus,Parathion,2.65
Ictalurus punctatus,Pendimethalin,0.8911789943664515
Ictalurus punctatus,Permethrin,0.0028369745246887667
Ictalurus punctatus,Phorate,0.024819347291981705
Ictalurus punctatus,Phosmet,8.916277250063503
Ictalurus punctatus,Phoxim,1.206657441535176
Ictalurus punctatus,Prodiamine,52.00000000000001
Ictalurus punctatus,Profenofos,0.05909569809531894
Ictalurus punctatus,Propachlor,0.2537715508089904
Ictalurus punctatus,Propanil,2.4787371275661982
Ictalurus punctatus,Propham,86.5
Ictalurus punctatus,Propiconazole,2.2068076490713913
Ictalurus punctatus,Propoxur,1.3
Ictalurus punctatus,Pyrethrins,0.0403564742118373
Ictalurus punctatus,Resmethrin,0.013990720441285472
Ictalurus punctatus,Temephos,4.57545373789365
Ictalurus punctatus,Terbufos,0.13145341380123987
Ictalurus punctatus,Tetradifon,2.1
Ictalurus punctatus,Thiobencarb,2.079738038295097
Ictalurus punctatus,Thiophanate-methyl,0.029999999999999995
Ictalurus punctatus,Thiram,0.79
Ictalurus punctatus,Tri-allate,1.3674794331177342
Ictalurus punctatus,Triadimefon,15.000000000000004
Ictalurus punctatus,Trichlorfon,4.238185585781615
Ictalurus punctatus,Trifluralin,0.2722030806811593
Jordanella floridae,Diazinon,1.6431676725154982
Jordanella floridae,Malathion,0.31260198335903117
Jordanella floridae,Methoxychlor,0.29
Lagodon rhomboides,Aldicarb,0.07999999999999999
Lagodon rhomboides,Endosulfan,3.0000000000000014e-4
Lagodon rhomboides,EPN,0.018300000000000004
Lagodon rhomboides,Ethoprop,0.0063
Lepomis cyanellus,Azinphos-methyl,0.05200000000000001
Lepomis cyanellus,Binapacryl,0.04299999999999999
Lepomis cyanellus,Carbaryl,10.587068602507694
Lepomis cyanellus,Carbofuran,0.16
Lepomis cyanellus,Chlorpyrifos,0.030000000000000013
Lepomis cyanellus,Dichlobenil,7.425175998276927
Lepomis cyanellus,Fenitrothion,4.1
Lepomis cyanellus,Fenthion,2.3232395903619074
Lepomis cyanellus,Malathion,0.2146870384111401
Lepomis cyanellus,Methyl parathion,5.847227019688119
Lepomis cyanellus,Molinate,34.45
Lepomis cyanellus,"p,p'-DDT",0.00588247556403339
Lepomis cyanellus,Parathion,0.3237367431659875
Lepomis cyanellus,Propanil,5.85
Lepomis cyanellus,Resmethrin,0.004550000000000002
Lepomis macrochirus,"(2R,6S)-Fenpropimorph",2.11
Lepomis macrochirus,"1,3-Dichloropropene",5.795841315409654
Lepomis macrochirus,"2-(2,4,5-Trichlorophenoxy)propionic acid",13.930537009113854
Lepomis macrochirus,"2-Methyl-4,6-dinitrophenol",0.2877498913987632
Lepomis macrochirus,"2,4-DB",9.488392652817687
Lepomis macrochirus,"2,4-Dichlorophenoxyacetic acid",97.97244139456053
Lepomis macrochirus,"2,4,5-Trichlorophenoxyacetic acid",10
Lepomis macrochirus,"2,7,8,9-Tricyclazole",2.46
Lepomis macrochirus,3-Iodo-2-propynyl-N-butylcarbamate,0.22600000000000003
Lepomis macrochirus,Abamectin,1.5798734126505196
Lepomis macrochirus,Acephate,2000.0000000000002
Lepomis macrochirus,Acetochlor,1.4422205101855958
Lepomis macrochirus,Acibenzolar-S-methyl,1.6
Lepomis macrochirus,Alachlor,5.104658262879616
Lepomis macrochirus,Aldicarb,0.0875115927388753
Lepomis macrochirus,Allethrin,0.03828477177997922
Lepomis macrochirus,alpha-Cyhalothrin,4.599999999999998e-4
Lepomis macrochirus,Ametryn,7.459085273020598
Lepomis macrochirus,Amitraz,1.1267765182775993
Lepomis macrochirus,Amitrole,1000
Lepomis macrochirus,Anilazine,0.2717598803586897
Lepomis macrochirus,Asulam,4999.999999999999
Lepomis macrochirus,Atrazine,32.23041644867446
Lepomis macrochirus,Azinphos-ethyl,0.0010999999999999996
Lepomis macrochirus,Azinphos-methyl,0.01390180845477271
Lepomis macrochirus,Azoxystrobin,1.1
Lepomis macrochirus,Bendiocarb,1.0406941845344255
Lepomis macrochirus,Benfluralin,0.2539634973480822
Lepomis macrochirus,Benomyl,1.0050674430863709
Lepomis macrochirus,Bensulide,1.0551680015187688
Lepomis macrochirus,Bifenazate,0.58
Lepomis macrochirus,Bifenthrin,3.439999999999999e-4
Lepomis macrochirus,Binapacryl,0.037515549107338085
Lepomis macrochirus,Bioresmethrin,8.000000000000004e-4
Lepomis macrochirus,Biphenyl,4.819219813691335
Lepomis macrochirus,Bitertanol,2.1
Lepomis macrochirus,Bromacil,126.99999999999999
Lepomis macrochirus,Bromoxynil,9.591663046625438
Lepomis macrochirus,Bromuconazole,4.2
Lepomis macrochirus,Butralin,1
Lepomis macrochirus,Butylate,2.1069439875523934
Lepomis macrochirus,Cadusafos,0.171
Lepomis macrochirus,Captafol,0.04909768102945876
Lepomis macrochirus,Captan,0.146632443686557
Lepomis macrochirus,Carbaryl,7.469126825309357
Lepomis macrochirus,Carbendazim,3.2000000000000006
Lepomis macrochirus,Carbofuran,0.34252731943582265
Lepomis macrochirus,Carboxin,3.6861100849632593
Lepomis macrochirus,Carfentrazone-ethyl,2
Lepomis macrochirus,Chlorbromuron,6.3825042988599066
Lepomis macrochirus,Chlordane,0.03596729316184389
Lepomis macrochirus,Chlorethoxyfos,0.002300000000000001
Lepomis macrochirus,Chlorfenac,28.141769561436732
Lepomis macrochirus,Chlorfenapyr,0.011599999999999997
Lepomis macrochirus,Chlorfenvinphos,0.008024961059095555
Lepomis macrochirus,Chloroneb,6.2217360921209135
Lepomis macrochirus,Chloropicrin,0.06804777733328252
Lepomis macrochirus,Chlorothalonil,0.07694082539582785
Lepomis macrochirus,Chlorotoluron,49.99999999999999
Lepomis macrochirus,Chloroxuron,26.961994997758506
Lepomis macrochirus,Chlorpropham,6.998094719557493
Lepomis macrochirus,Chlorpyrifos,0.005168161773910983
Lepomis macrochirus,Chlorpyrifos-methyl,0.88
Lepomis macrochirus,Chlorthal-dimethyl,700.0000000000001
Lepomis macrochirus,Clodinafop-propargyl,0.24
Lepomis macrochirus,Clomazone,34
Lepomis macrochirus,Coumaphos,0.7138625118772989
Lepomis macrochirus,Cyanazine,16.93315038016647
Lepomis macrochirus,Cycloate,5.592852581643826
Lepomis macrochirus,Cyfluthrin,7.293619503170231e-4
Lepomis macrochirus,Cyhalofop-butyl,0.8407139822793481
Lepomis macrochirus,Cymoxanil,29
Lepomis macrochirus,Cypermethrin,0.002606572096915658
Lepomis macrochirus,Cyprazine,6.237948380677736
Lepomis macrochirus,Cyproconazole,21
Lepomis macrochirus,Cyprodinil,2.6412118430750686
Lepomis macrochirus,Dalapon,205.63398284383862
Lepomis macrochirus,Dazomet,0.9889449018382956
Lepomis macrochirus,Deltamethrin,5.661232776379843e-4
Lepomis macrochirus,Desmedipham,6
Lepomis macrochirus,Diazinon,0.18064785492056437
Lepomis macrochirus,Dicamba,135
Lepomis macrochirus,Dichlobenil,11.034246013548632
Lepomis macrochirus,Dichlorprop,1.411382301150188
Lepomis macrochirus,Dichlorvos,0.7185328470793438
Lepomis macrochirus,Diclofop-methyl,0.34114832759859554
Lepomis macrochirus,Dicloran,6.539951182195992
Lepomis macrochirus,Dicofol,0.926441046624321
Lepomis macrochirus,Dicrotophos,11.792238504123802
Lepomis macrochirus,Diethatyl-ethyl,3.5000000000000004
Lepomis macrochirus,Difenoconazole,1.2
Lepomis macrochirus,Diflubenzuron,273.6540290344634
Lepomis macrochirus,Dimethenamid,6.4
Lepomis macrochirus,Dimethoate,7.017642571710879
Lepomis macrochirus,Dinitramine,2.4816391382079974
Lepomis macrochirus,Dinocap,0.022803508501982768
Lepomis macrochirus,Diphenamid,54.98496754215607
Lepomis macrochirus,Dipropetryn,3.13
Lepomis macrochirus,Diquat,56.85156825702972
Lepomis macrochirus,Diquat dibromide,112.17701763301855
Lepomis macrochirus,Disulfoton,0.11038024623518877
Lepomis macrochirus,Dithiopyr,0.4699999999999999
Lepomis macrochirus,Diuron,7.416904422674575
Lepomis macrochirus,Endosulfan,0.002517745044527698
Lepomis macrochirus,Endothal,37.0609134945303
Lepomis macrochirus,EPN,0.15159870180872598
Lepomis macrochirus,EPTC,20.63109601656945
Lepomis macrochirus,Esfenvalerate,3.19184082256199e-4
Lepomis macrochirus,Ethalfluralin,0.08817046846328644
Lepomis macrochirus,Ethion,0.3092738061470064
Lepomis macrochirus,Ethofumesate,8.873337020880326
Lepomis macrochirus,Ethoprop,1.615806866766361
Lepomis macrochirus,Etofenprox,0.005538952969650491
Lepomis macrochirus,Famoxadone,0.013
Lepomis macrochirus,Fenamidone,0.74
Lepomis macrochirus,Fenamiphos,0.018038035138300743
Lepomis macrochirus,Fenarimol,2.0979571971542605
Lepomis macrochirus,Fenazaquin,0.034100000000000005
Lepomis macrochirus,Fenbuconazole,0.68
Lepomis macrochirus,Fenhexamid,3.4199999999999995
Lepomis macrochirus,Fenitrothion,2.831856040626187
Lepomis macrochirus,Fenoxaprop-ethyl,1.066097241641651
Lepomis macrochirus,Fenoxycarb,1.86
Lepomis macrochirus,Fenpropathrin,0.004115823125451335
Lepomis macrochirus,Fenpyroximate,0.0021447610589527223
Lepomis macrochirus,Fenthion,2.36928162050705
Lepomis macrochirus,Fenvalerate,9.561673827385578e-4
Lepomis macrochirus,Fipronil,0.08300000000000002
Lepomis macrochirus,Fluazifop-butyl,1.1895797577295941
Lepomis macrochirus,Fluazinam,0.05269999999999999
Lepomis macrochirus,Fluchloralin,0.03442949552430301
Lepomis macrochirus,Fludioxonil,0.7349829930005183
Lepomis macrochirus,Flufenacet,2.3289482604815417
Lepomis macrochirus,Fluometuron,48.6791555932093
Lepomis macrochirus,Fluopicolide,0.72
Lepomis macrochirus,Fluoxastrobin,0.97
Lepomis macrochirus,Fluridone,10.682040713861431
Lepomis macrochirus,Fluroxypyr,14.300000000000002
Lepomis macrochirus,Fluthiacet-methyl,0.14
Lepomis macrochirus,Flutriafol,25.690465157330262
Lepomis macrochirus,Folpet,0.07299344194787313
Lepomis macrochirus,Fosetyl-Al,140.99999999999991
Lepomis macrochirus,Fosthiazate,156.99999999999994
Lepomis macrochirus,Furfural,9.633275663033835
Lepomis macrochirus,gamma-Cyhalothrin,4.244761477397763e-5
Lepomis macrochirus,Glyphosate,15.611654958150252
Lepomis macrochirus,Hexaconazole,5.1000000000000005
Lepomis macrochirus,Hexazinone,237.99999999999994
Lepomis macrochirus,Hexythiazox,2.479516081819192
Lepomis macrochirus,Hydramethylnon,0.45166359162544856
Lepomis macrochirus,Imazalil,3.99
Lepomis macrochirus,Imazaquin,419.9999999999999
Lepomis macrochirus,Imazethapyr,422.99999999999994
Lepomis macrochirus,Imiprothrin,0.07000000000000002
Lepomis macrochirus,Indaziflam,0.32
Lepomis macrochirus,Indoxacarb,1.0392304845413263
Lepomis macrochirus,Iprodione,5.665161461038634
Lepomis macrochirus,Isofenphos,2.783853212365736
Lepomis macrochirus,Isopropalin,24.299999999999997
Lepomis macrochirus,Kinoprene,136.99999999999997
Lepomis macrochirus,Kresoxim-methyl,0.499
Lepomis macrochirus,Lactofen,2.1
Lepomis macrochirus,lambda-Cyhalothrin,0.001049262032185215
Lepomis macrochirus,Linuron,11.26829024760426
Lepomis macrochirus,Malathion,0.10124947689964693
Lepomis macrochirus,MCPA,12.062338081814818
Lepomis macrochirus,MCPB,3.2999999999999994
Lepomis macrochirus,Mefluidide,1619.9999999999993
Lepomis macrochirus,Metalaxyl,82.57018820320629
Lepomis macrochirus,Metam-sodium,0.51
Lepomis macrochirus,Methamidophos,41.287294095964214
Lepomis macrochirus,Methiocarb,0.3023835428494696
Lepomis macrochirus,Methomyl,1.0370923146416846
Lepomis macrochirus,Methoprene,4.313748423077903
Lepomis macrochirus,Methoprotryne,12.324771803161303
Lepomis macrochirus,Methoxychlor,0.04422825805803472
Lepomis macrochirus,Methyl bromide,11.000000000000002
Lepomis macrochirus,Methyl parathion,3.777230743381906
Lepomis macrochirus,Metobromuron,39.99999999999999
Lepomis macrochirus,Metolachlor,10
Lepomis macrochirus,Metribuzin,97.11602653312517
Lepomis macrochirus,Molinate,3.504360259353942
Lepomis macrochirus,Monocrotophos,9.61062769577201
Lepomis macrochirus,Monuron,32.49743569511323
Lepomis macrochirus,Myclobutanil,2.4
Lepomis macrochirus,Naled,0.7831314999802512
Lepomis macrochirus,Napropamide,12.63328935788301
Lepomis macrochirus,Naptalam,353.99999999999983
Lepomis macrochirus,Nicotine,5.45
Lepomis macrochirus,Nitralin,62
Lepomis macrochirus,Norflurazon,16.300000000000004
Lepomis macrochirus,Octhilinone,0.17805309193531885
Lepomis macrochirus,Oryzalin,2.88
Lepomis macrochirus,Oxadiazon,2.0534899901091728
Lepomis macrochirus,Oxamyl,6.925176172140141
Lepomis macrochirus,Oxycarboxin,28.099999999999994
Lepomis macrochirus,Oxydemeton-methyl,8.556673697746652
Lepomis macrochirus,Oxyfluorfen,0.20493901531919198
Lepomis macrochirus,"p,p'-DDT",0.004539090980140697
Lepomis macrochirus,Paraquat,12.999999999999998
Lepomis macrochirus,Paraquat dichloride,58.75199932836846
Lepomis macrochirus,Parathion,0.13551904967895775
Lepomis macrochirus,Pebulate,7.900000000000001
Lepomis macrochirus,Pendimethalin,2.03685760257291
Lepomis macrochirus,Pentachloronitrobenzene,0.3194441169868402
Lepomis macrochirus,Permethrin,0.007230188102541763
Lepomis macrochirus,Phenmedipham,3.98
Lepomis macrochirus,Phenothrin,0.016864163187066235
Lepomis macrochirus,Phorate,0.003138569746131144
Lepomis macrochirus,Phosalone,0.11447142425533319
Lepomis macrochirus,Phosmet,0.2873234861311253
Lepomis macrochirus,Phoxim,0.4973270857003869
Lepomis macrochirus,Piperalin,0.77
Lepomis macrochirus,Pirimicarb,65.49809157525124
Lepomis macrochirus,Pirimiphos-methyl,2.86
Lepomis macrochirus,Potassium N-methyldithiocarbamate,108.00000000000004
Lepomis macrochirus,Prallethrin,0.021999999999999995
Lepomis macrochirus,Prodiamine,7.894808420728145
Lepomis macrochirus,Profenofos,0.042145200106763626
Lepomis macrochirus,Prometon,31.851137314667294
Lepomis macrochirus,Prometryn,10
Lepomis macrochirus,Propanil,8.694826047713661
Lepomis macrochirus,Propargite,0.07195137246779938
Lepomis macrochirus,Propetamphos,0.38892097089824423
Lepomis macrochirus,Propham,29.96737193391588
Lepomis macrochirus,Propiconazole,3.957309707975605
Lepomis macrochirus,Propoxur,9.899402731688323
Lepomis macrochirus,Prothioconazole,4.836517342055128
Lepomis macrochirus,Pyraclostrobin,0.011400000000000004
Lepomis macrochirus,Pyraflufen-ethyl,3.2999999999999994
Lepomis macrochirus,Pyrethrins,0.05443836698494143
Lepomis macrochirus,Pyridaben,0.00923872642556179
Lepomis macrochirus,Pyrimethanil,26.2
Lepomis macrochirus,Pyriproxyfen,5.9
Lepomis macrochirus,Quinclorac,31.600000000000005
Lepomis macrochirus,Quizalofop-ethyl,1.15697882435246
Lepomis macrochirus,Resmethrin,0.0023292387255931303
Lepomis macrochirus,S-Metolachlor,3.2000000000000006
Lepomis macrochirus,Sethoxydim,20.59126028197401
Lepomis macrochirus,Siduron,15.000000000000004
Lepomis macrochirus,Simazine,80.73207723526089
Lepomis macrochirus,Simetryn,25.000000000000007
Lepomis macrochirus,Spiromesifen,0.056700000000000014
Lepomis macrochirus,Spirotetramat,2.2
Lepomis macrochirus,Sulfentrazone,93.79999999999998
Lepomis macrochirus,Sulfotepp,0.024000000000000007
Lepomis macrochirus,Swep,6
Lepomis macrochirus,tau-Fluvalinate,0.0011899999999999994
Lepomis macrochirus,Tebuconazole,5.700000000000001
Lepomis macrochirus,Tebufenpyrad,0.09299999999999999
Lepomis macrochirus,Tebupirimfos,0.08900000000000001
Lepomis macrochirus,Tebuthiuron,106.00000000000004
Lepomis macrochirus,Tefluthrin,0.0010198039027185574
Lepomis macrochirus,Temephos,5.682305792899851
Lepomis macrochirus,Tepraloxydim,77.90000000000002
Lepomis macrochirus,Terbacil,107.40577265678033
Lepomis macrochirus,Terbufos,0.00224221064357276
Lepomis macrochirus,Terbutryn,3.3918992358638516
Lepomis macrochirus,Terbutylazine,7.500000000000001
Lepomis macrochirus,Tetraconazole,3.85
Lepomis macrochirus,Tetradifon,0.88
Lepomis macrochirus,Tetramethrin,0.01738102413553356
Lepomis macrochirus,Thiabendazole,23.55304591060203
Lepomis macrochirus,Thiacloprid,45.09589781787254
Lepomis macrochirus,Thiazopyr,3.5000000000000004
Lepomis macrochirus,Thiobencarb,1.578437336419444
Lepomis macrochirus,Thiodicarb,1.3281566172707193
Lepomis macrochirus,Thiophanate-methyl,36.735044124904434
Lepomis macrochirus,Thiram,0.10844353369380769
Lepomis macrochirus,Tolfenpyrad,9.410000000000001e-4
Lepomis macrochirus,Tralomethrin,0.014527015101315134
Lepomis macrochirus,Tri-allate,1.6069489430940311
Lepomis macrochirus,Triadimefon,14.43950831845581
Lepomis macrochirus,Triadimenol,15.000000000000004
Lepomis macrochirus,Triazamate,0.74
Lepomis macrochirus,Trichlorfon,3.9440922025035903
Lepomis macrochirus,Triclopyr,148.00000000000003
Lepomis macrochirus,Tridiphane,0.37
Lepomis macrochirus,Trifloxystrobin,0.053999999999999986
Lepomis macrochirus,Trifluralin,0.09244259685663636
Lepomis macrochirus,Triforine,24.299999999999997
Lepomis macrochirus,Vernolate,4.930169991654555
Lepomis macrochirus,Vinclozolin,47.5
Lepomis macrochirus,Z-Tetrachlorvinphos,0.7417277128434666
Lepomis megalotis,"p,p'-DDT",0.007826237921249264
Lepomis microlophus,Anilazine,0.14
Lepomis microlophus,Azinphos-methyl,0.05200000000000001
Lepomis microlophus,Carbaryl,11.199999999999998
Lepomis microlophus,Chlorfenac,12.000000000000002
Lepomis microlophus,Fenthion,1.88
Lepomis microlophus,Malathion,0.0867782258308258
Lepomis microlophus,Methyl parathion,5.170000000000001
Lepomis microlophus,Monuron,47.00000000000001
Lepomis microlophus,Octhilinone,0.20299999999999999
Lepomis microlophus,"p,p'-DDT",0.008660254037844387
Menidia beryllina,Azinphos-methyl,0.022799999999999997
Menidia beryllina,Chlorpyrifos,0.0065452272687814275
Menidia beryllina,Endosulfan,0.0015000000000000005
Menidia beryllina,Fenthion,2.15
Menidia beryllina,Fenvalerate,0.0021213203435596433
Menidia beryllina,Methoxychlor,0.039400000000000004
Menidia beryllina,Methyl bromide,12.000000000000002
Menidia beryllina,Permethrin,0.0275
Menidia beryllina,Terbufos,0.004700000000000001
Menidia menidia,Azinphos-methyl,0.0011899999999999994
Menidia menidia,Chlorpyrifos,9.219544457292889e-4
Menidia menidia,Dichlorvos,1.25
Menidia menidia,Fenvalerate,3.0999999999999995e-4
Menidia menidia,Malathion,0.125
Menidia menidia,Methoxychlor,0.033
Menidia menidia,Methyl parathion,5.700000000000001
Menidia menidia,"p,p'-DDT",4.0000000000000013e-4
Menidia menidia,Thiobencarb,0.4551516267990619
Micropterus dolomieu,"2,4-Dichlorophenoxyacetic acid",3.1
Micropterus dolomieu,Allethrin,0.007699999999999999
Micropterus dolomieu,Diquat,3.9
Micropterus dolomieu,Fluridone,7.6000000000000005
Micropterus dolomieu,Folpet,0.09100000000000001
Micropterus dolomieu,Phosmet,0.15
Micropterus dolomieu,Pyrethrins,0.017922053453775882
Micropterus salmoides,"1,3-Dichloropropene",3.5646882011630217
Micropterus salmoides,"2,4-Dichlorophenoxyacetic acid",160.69999999999996
Micropterus salmoides,Acephate,3000.0000000000014
Micropterus salmoides,Allethrin,0.012000000000000002
Micropterus salmoides,Azinphos-methyl,0.0048
Micropterus salmoides,Carbaryl,6.4
Micropterus salmoides,Coumaphos,1.1
Micropterus salmoides,Dichlobenil,12.500000000000002
Micropterus salmoides,Dicofol,0.41254269530524035
Micropterus salmoides,Diquat,4.900000000000001
Micropterus salmoides,Diquat dibromide,23.446636630480146
Micropterus salmoides,Disulfoton,0.06
Micropterus salmoides,Endothal,254.99999999999991
Micropterus salmoides,EPN,0.38
Micropterus salmoides,Ethion,0.173
Micropterus salmoides,Fenthion,1.570019844487679
Micropterus salmoides,Fluridone,12.999999999999998
Micropterus salmoides,Malathion,0.2669269563007827
Micropterus salmoides,Methomyl,0.9842833472037558
Micropterus salmoides,Methoxychlor,0.015303449462179115
Micropterus salmoides,Methyl parathion,5.219999999999999
Micropterus salmoides,Naled,1.9
Micropterus salmoides,Oxydemeton-methyl,31.499999999999993
Micropterus salmoides,"p,p'-DDT",0.0013416407864998744
Micropterus salmoides,Parathion,0.6635377825443018
Micropterus salmoides,Permethrin,0.008500000000000002
Micropterus salmoides,Phorate,0.004999999999999999
Micropterus salmoides,Phosmet,0.16
Micropterus salmoides,Pyrethrins,0.033
Micropterus salmoides,Resmethrin,6.600000000000001e-4
Micropterus salmoides,Temephos,2.2530343086101814
Micropterus salmoides,Trichlorfon,3.4665867934424157
Micropterus salmoides,Trifluralin,0.07500000000000001
Monopterus albus,Endosulfan,4.1999999999999985e-4
Morone americana,"2,4-Dichlorophenoxyacetic acid",39.99999999999999
Morone americana,"2,4,5-Trichlorophenoxyacetic acid",16.399999999999995
Morone americana,Malathion,1.1
Morone americana,Methyl parathion,13.999999999999998
Morone saxatilis,"2,4-Dichlorophenoxyacetic acid",70.09999999999998
Morone saxatilis,"2,4,5-Trichlorophenoxyacetic acid",14.600000000000001
Morone saxatilis,Carbaryl,1.2046118823738996
Morone saxatilis,Carbofuran,0.1931648666677671
Morone saxatilis,Chlorpyrifos,5.800000000000001e-4
Morone saxatilis,Coumaphos,62
Morone saxatilis,Dichlobenil,6200
Morone saxatilis,Diquat dibromide,5.318295896944989
Morone saxatilis,Diuron,1.4684637773145044
Morone saxatilis,Endosulfan,2.513810099754478e-4
Morone saxatilis,EPN,0.06
Morone saxatilis,Fenthion,0.453
Morone saxatilis,Malathion,0.04075214008446172
Morone saxatilis,Methoxychlor,0.0033000000000000004
Morone saxatilis,Methyl parathion,5.00279874724935
Morone saxatilis,Molinate,9.292376357933612
Morone saxatilis,Naled,0.5
Morone saxatilis,Oxytetracycline,75.00000000000001
Morone saxatilis,"p,p'-DDT",5.300000000000001e-4
Morone saxatilis,Parathion,0.22928413219949445
Morone saxatilis,Simazine,40.48276729019869
Morone saxatilis,Temephos,1
Morone saxatilis,Thiobencarb,0.6951701208392475
Morone saxatilis,Trichlorfon,3.193436867574741
Mugil cephalus,Azinphos-methyl,0.003199999999999999
Mugil cephalus,Chlorpyrifos,0.005400000000000001
Mugil cephalus,Dichlorvos,0.20000000000000004
Mugil cephalus,Endosulfan,3.7999999999999997e-4
Mugil cephalus,Fenitrothion,0.24
Mugil cephalus,Fenvalerate,5.800000000000001e-4
Mugil cephalus,Malathion,0.55
Mugil cephalus,Methoxychlor,0.063
Mugil cephalus,Methyl parathion,5.200000000000001
Mugil cephalus,"p,p'-DDT",0.006606639138018662
Mugil cephalus,Temephos,0.6
Mugil cephalus,Trifluralin,0.03200000000000001
Notemigonus crysoleucas,Chlorpyrifos,0.035
Notemigonus crysoleucas,Diazinon,0.4
Notemigonus crysoleucas,Diquat dibromide,30.935416596516042
Notemigonus crysoleucas,Methyl parathion,5.000000000000001
Notemigonus crysoleucas,Naled,6.1
Notemigonus crysoleucas,Octhilinone,0.154
Notemigonus crysoleucas,"p,p'-DDT",0.028
Notemigonus crysoleucas,Parathion,1.3282488471668252
Notopterus notopterus,Carbofuran,1.4409996530186953
Notopterus notopterus,Malathion,0.077
Notopterus notopterus,Parathion,0.522494019
Notropis atherinoides,Amitrole,419.9999999999999
Notropis atherinoides,Atrazine,15.6
Notropis atherinoides,Diquat dibromide,25.800000000000008
Notropis atherinoides,Propanil,7.500000000000001
Notropis blennius,"p,p'-DDT",0.0058000000000000005
Notropis hudsonius,Methoxychlor,0.024099999999999996
Oncorhynchus clarkii stomias,Carbaryl,1.566490599397855
Oncorhynchus gorbuscha,Dichlorprop,0.6
Oncorhynchus gorbuscha,Glyphosate,56.71102536156418
Oncorhynchus gorbuscha,Hexazinone,446.0644573883016
Oncorhynchus gorbuscha,Triclopyr,1.6278820596099706
Oncorhynchus keta,Dichlorprop,1.1
Oncorhynchus keta,Glyphosate,42.372091135003934
Oncorhynchus keta,Hexazinone,423.3298234083233
Oncorhynchus keta,Methoxychlor,0.047999999999999994
Oncorhynchus keta,Triclopyr,1.5
Oncorhynchus kisutch,"2-(2,4,5-Trichlorophenoxy)propionic acid",0.6
Oncorhynchus kisutch,3-Iodo-2-propynyl-N-butylcarbamate,0.40843189882225617
Oncorhynchus kisutch,Allethrin,0.006128537967726742
Oncorhynchus kisutch,Amitrole,325.00000000000006
Oncorhynchus kisutch,Atrazine,22.715633383201094
Oncorhynchus kisutch,Azinphos-methyl,0.006108035774328268
Oncorhynchus kisutch,Boric acid,447.00000000000017
Oncorhynchus kisutch,Captan,0.09685681829242618
Oncorhynchus kisutch,Carbaryl,1.8412534786111663
Oncorhynchus kisutch,Carbofuran,0.53
Oncorhynchus kisutch,Chlordane,0.05600000000000001
Oncorhynchus kisutch,Coumaphos,15.000000000000004
Oncorhynchus kisutch,Dichlorprop,1.5
Oncorhynchus kisutch,Dinitramine,1.0914262113685556
Oncorhynchus kisutch,Dinoseb,0.19
Oncorhynchus kisutch,Diquat,29.999999999999996
Oncorhynchus kisutch,Diuron,16
Oncorhynchus kisutch,Endothal,100
Oncorhynchus kisutch,Fenitrothion,2.1680843217573416
Oncorhynchus kisutch,Fenthion,1.32
Oncorhynchus kisutch,Folpet,0.10599999999999998
Oncorhynchus kisutch,Glyphosate,73.2067796799132
Oncorhynchus kisutch,Hexazinone,382.2586353722355
Oncorhynchus kisutch,Malathion,0.1687670547616929
Oncorhynchus kisutch,Methoprene,85.99999999999999
Oncorhynchus kisutch,Methoxychlor,0.0662
Oncorhynchus kisutch,Methyl parathion,5.3
Oncorhynchus kisutch,Metolachlor,9
Oncorhynchus kisutch,Monuron,109.99999999999997
Oncorhynchus kisutch,"p,p'-DDT",0.01205164174835886
Oncorhynchus kisutch,Paraquat dichloride,76
Oncorhynchus kisutch,Permethrin,0.016999999999999998
Oncorhynchus kisutch,Phoxim,0.4878409005028247
Oncorhynchus kisutch,Pyrethrins,0.029549394320047977
Oncorhynchus kisutch,Resmethrin,9.591985498504214e-4
Oncorhynchus kisutch,Simazine,330.00000000000006
Oncorhynchus kisutch,Temephos,0.7956805354453983
Oncorhynchus kisutch,Thiodicarb,3.2999999999999994
Oncorhynchus kisutch,Trichlorfon,0.035
Oncorhynchus kisutch,Triclopyr,1.3478709606209212
Oncorhynchus mykiss,"(2R,6S)-Fenpropimorph",3.46
Oncorhynchus mykiss,"1,3-Dichloropropene",2.7511396884927084
Oncorhynchus mykiss,"2-(2,4,5-Trichlorophenoxy)propionic acid",16.434269729242644
Oncorhynchus mykiss,"2-Methyl-4,6-dinitrophenol",0.06600000000000002
Oncorhynchus mykiss,"2,3,5,6-Tetrachloronitrobenzene",0.37
Oncorhynchus mykiss,"2,4-DB",4.655881426531161
Oncorhynchus mykiss,"2,4-Dichlorophenoxyacetic acid",136.48961324823145
Oncorhynchus mykiss,"2,4,5-Trichlorophenoxyacetic acid",1.1423659658795862
Oncorhynchus mykiss,"2,7,8,9-Tricyclazole",1.8099999999999998
Oncorhynchus mykiss,3-Iodo-2-propynyl-N-butylcarbamate,0.07539985756445326
Oncorhynchus mykiss,Abamectin,0.28774989139876317
Oncorhynchus mykiss,Acephate,377.30797021583936
Oncorhynchus mykiss,Acequinocyl,64.99999999999999
Oncorhynchus mykiss,Acetochlor,0.576418677083961
Oncorhynchus mykiss,Acibenzolar-S-methyl,0.88
Oncorhynchus mykiss,Alachlor,2.162577968028565
Oncorhynchus mykiss,Aldicarb,0.5787076304457164
Oncorhynchus mykiss,Allethrin,0.014218395373418223
Oncorhynchus mykiss,alpha-Cyhalothrin,5.400000000000001e-4
Oncorhynchus mykiss,alpha-Cypermethrin,0.011384850195244435
Oncorhynchus mykiss,Ametryn,4.233007227521607
Oncorhynchus mykiss,Amitraz,1.2759310326189266
Oncorhynchus mykiss,Amitrole,243.23730647509052
Oncorhynchus mykiss,Anilazine,0.15819854333375635
Oncorhynchus mykiss,Antimony potassium tartrate trihydrate,37
Oncorhynchus mykiss,Asulam,4999.999999999999
Oncorhynchus mykiss,Atrazine,9.931827398971972
Oncorhynchus mykiss,Azinphos-ethyl,0.019493588689617928
Oncorhynchus mykiss,Azinphos-methyl,0.007690559578807062
Oncorhynchus mykiss,Azoxystrobin,0.4699999999999999
Oncorhynchus mykiss,Bendiocarb,1.17402514585201
Oncorhynchus mykiss,Benfluralin,0.15273506473629425
Oncorhynchus mykiss,Benomyl,0.26953962717193236
Oncorhynchus mykiss,Bensulide,1.2644721810458597
Oncorhynchus mykiss,Bifenazate,0.76
Oncorhynchus mykiss,Bifenthrin,0.0014849242404917505
Oncorhynchus mykiss,Binapacryl,0.06403124237432849
Oncorhynchus mykiss,Bioresmethrin,6.2e-4
Oncorhynchus mykiss,Biphenyl,1.6658331248957683
Oncorhynchus mykiss,Bitertanol,2.2
Oncorhynchus mykiss,Boric acid,78.99999999999999
Oncorhynchus mykiss,Boscalid,2.7
Oncorhynchus mykiss,Bromacil,36
Oncorhynchus mykiss,Bromofenoxim,0.20000000000000004
Oncorhynchus mykiss,Bromoxynil,6.133514490078261
Oncorhynchus mykiss,Bromuconazole,2.181742422927143
Oncorhynchus mykiss,Butafenacil,3.9
Oncorhynchus mykiss,Butamiphos,4.1
Oncorhynchus mykiss,Butralin,0.37
Oncorhynchus mykiss,Butylate,5.463027469463571
Oncorhynchus mykiss,Cadusafos,0.132
Oncorhynchus mykiss,Captafol,0.028001116004705374
Oncorhynchus mykiss,Captan,0.09369769649785313
Oncorhynchus mykiss,Carbaryl,1.9121868546943852
Oncorhynchus mykiss,Carbendazim,0.28774975632149163
Oncorhynchus mykiss,Carbofuran,0.42066391649117835
Oncorhynchus mykiss,Carboxin,3.4188383763007715
Oncorhynchus mykiss,Carfentrazone-ethyl,1.6
Oncorhynchus mykiss,Chlorbromuron,2.9928050775697597
Oncorhynchus mykiss,Chlordane,0.018761663039293722
Oncorhynchus mykiss,Chlorethoxyfos,0.08900000000000001
Oncorhynchus mykiss,Chlorfenac,11.000000000000002
Oncorhynchus mykiss,Chlorfenapyr,0.007439999999999998
Oncorhynchus mykiss,Chlorfenvinphos,0.51
Oncorhynchus mykiss,Chlorimuron-ethyl,8.4
Oncorhynchus mykiss,Chloroneb,3.6999999999999997
Oncorhynchus mykiss,Chloropicrin,0.005140000000000001
Oncorhynchus mykiss,Chlorothalonil,0.030487431587239922
Oncorhynchus mykiss,Chlorotoluron,38.05831305510124
Oncorhynchus mykiss,Chloroxuron,5.541492781077518
Oncorhynchus mykiss,Chlorpropham,4.148975777225025
Oncorhynchus mykiss,Chlorpyrifos,0.017951271261798105
Oncorhynchus mykiss,Chlorpyrifos-methyl,0.07692002716113924
Oncorhynchus mykiss,Chlorthal-dimethyl,14.071247279470287
Oncorhynchus mykiss,Clethodim,18.999999999999996
Oncorhynchus mykiss,Clodinafop-propargyl,0.34205262752974136
Oncorhynchus mykiss,Clomazone,18.999999999999996
Oncorhynchus mykiss,Clopyralid,700.0000000000001
Oncorhynchus mykiss,Coumaphos,1.309836820761996
Oncorhynchus mykiss,Cyanazine,6
Oncorhynchus mykiss,Cyazofamid,0.04311844153027798
Oncorhynchus mykiss,Cycloate,5.7037759517833715
Oncorhynchus mykiss,Cyfluthrin,2.153779449736794e-4
Oncorhynchus mykiss,Cymoxanil,61.000000000000014
Oncorhynchus mykiss,Cypermethrin,0.002214307784435924
Oncorhynchus mykiss,Cyphenothrin,3.546829570193641e-4
Oncorhynchus mykiss,Cyproconazole,18.999999999999996
Oncorhynchus mykiss,Cyprodinil,2.41
Oncorhynchus mykiss,Dalapon,100
Oncorhynchus mykiss,Dazomet,1.2683089048827898
Oncorhynchus mykiss,Deltamethrin,6.467727143126056e-4
Oncorhynchus mykiss,Desmedipham,1.7
Oncorhynchus mykiss,Diazinon,1.1734954319119757
Oncorhynchus mykiss,Dicamba,63.43593062699694
Oncorhynchus mykiss,Dichlobenil,8.939199680719094
Oncorhynchus mykiss,Dichlorprop,2.077377020264196
Oncorhynchus mykiss,Dichlorvos,0.2738612787525831
Oncorhynchus mykiss,Diclofop-methyl,0.5905652418564616
Oncorhynchus mykiss,Dicloran,1.5429929986842361
Oncorhynchus mykiss,Dicofol,0.2913767277471135
Oncorhynchus mykiss,Dicrotophos,6.3
Oncorhynchus mykiss,Diethatyl-ethyl,2.85
Oncorhynchus mykiss,Difenoconazole,0.9266067126888301
Oncorhynchus mykiss,Diflubenzuron,219.46638561027302
Oncorhynchus mykiss,Dimethametryn,5.000000000000001
Oncorhynchus mykiss,Dimethenamid,2.6
Oncorhynchus mykiss,Dimethoate,7.056441954203827
Oncorhynchus mykiss,Dimethomorph,6.2
Oncorhynchus mykiss,Dinitramine,0.7620345468444663
Oncorhynchus mykiss,Dinocap,0.03888902276416687
Oncorhynchus mykiss,Diphenamid,82.64785240698717
Oncorhynchus mykiss,Dipropetryn,2.43
Oncorhynchus mykiss,Diquat,11.199999999999998
Oncorhynchus mykiss,Diquat dibromide,32.18695387886217
Oncorhynchus mykiss,Disulfoton,5.309535211246846
Oncorhynchus mykiss,Dithiopyr,0.46
Oncorhynchus mykiss,Diuron,7.186294590795996
Oncorhynchus mykiss,Emamectin benzoate,0.174
Oncorhynchus mykiss,Endosulfan,9.179166128410858e-4
Oncorhynchus mykiss,Endothal,5.238320341483518
Oncorhynchus mykiss,EPN,0.18605102070495186
Oncorhynchus mykiss,EPTC,20.86503090718943
Oncorhynchus mykiss,Esfenvalerate,7.000000000000002e-5
Oncorhynchus mykiss,Ethalfluralin,0.07093659140387279
Oncorhynchus mykiss,Ethion,0.3073740939122558
Oncorhynchus mykiss,Ethofumesate,10.130609180746921
Oncorhynchus mykiss,Ethoprop,4.259712495373197
Oncorhynchus mykiss,Etofenprox,0.0029849623113198604
Oncorhynchus mykiss,Etridiazole,1.3622408010333562
Oncorhynchus mykiss,Famoxadone,0.012000000000000002
Oncorhynchus mykiss,Fenamidone,0.74
Oncorhynchus mykiss,Fenamiphos,0.14027626400948637
Oncorhynchus mykiss,Fenarimol,2.988511617402149
Oncorhynchus mykiss,Fenazaquin,0.10618542015620121
Oncorhynchus mykiss,Fenbuconazole,1.5
Oncorhynchus mykiss,Fenhexamid,1.5482385187998988
Oncorhynchus mykiss,Fenitrothion,2.4537813473535706
Oncorhynchus mykiss,Fenoxaprop-ethyl,3.7841481853864685
Oncorhynchus mykiss,Fenoxycarb,1.0276186062932104
Oncorhynchus mykiss,Fenpropathrin,0.0058265135720611165
Oncorhynchus mykiss,Fenpyroximate,8.056053624449131e-4
Oncorhynchus mykiss,Fenthion,0.9720718636744103
Oncorhynchus mykiss,Fenuron,204
Oncorhynchus mykiss,Fenvalerate,8.124265287355278e-4
Oncorhynchus mykiss,Fipronil,0.24599999999999997
Oncorhynchus mykiss,Flazasulfuron,115.00000000000003
Oncorhynchus mykiss,Fluazifop-butyl,9.315375191362184
Oncorhynchus mykiss,Fluazinam,0.06292853089020908
Oncorhynchus mykiss,Fluchloralin,0.023095448435059153
Oncorhynchus mykiss,Fludioxonil,0.4699999999999999
Oncorhynchus mykiss,Flufenacet,4.514598542506299
Oncorhynchus mykiss,Flumioxazin,2.3
Oncorhynchus mykiss,Fluometuron,16.755707189857862
Oncorhynchus mykiss,Fluopicolide,0.349
Oncorhynchus mykiss,Fluorodifen,0.554
Oncorhynchus mykiss,Fluoxastrobin,0.435
Oncorhynchus mykiss,Fluridone,6.358765623887636
Oncorhynchus mykiss,Fluthiacet-methyl,0.04299999999999999
Oncorhynchus mykiss,Flutolanil,7.348469228349535
Oncorhynchus mykiss,Flutriafol,21.866412600150028
Oncorhynchus mykiss,Fluxapyroxad,2.4
Oncorhynchus mykiss,Folpet,0.058264748427024254
Oncorhynchus mykiss,Fosetyl-Al,180.1177392707337
Oncorhynchus mykiss,Fosthiazate,111.00000000000004
Oncorhynchus mykiss,Furfural,3.06
Oncorhynchus mykiss,gamma-Cyhalothrin,2.4688398995196235e-4
Oncorhynchus mykiss,Glufosinate-ammonium,16.97725794059707
Oncorhynchus mykiss,Glyphosate,42.07229008432184
Oncorhynchus mykiss,Hexaconazole,3.8
Oncorhynchus mykiss,Hexazinone,440.5459646808408
Oncorhynchus mykiss,Hydramethylnon,0.12218229488579213
Oncorhynchus mykiss,Imazalil,1.7204650534085253
Oncorhynchus mykiss,Imazaquin,280.0000000000001
Oncorhynchus mykiss,Imazethapyr,343.9999999999999
Oncorhynchus mykiss,Imidacloprid,228.99999999999997
Oncorhynchus mykiss,Imiprothrin,0.038
Oncorhynchus mykiss,Indaziflam,0.572
Oncorhynchus mykiss,Indoxacarb,0.5029822365444971
Oncorhynchus mykiss,Ipconazole,1.53
Oncorhynchus mykiss,Iprodione,4.2
Oncorhynchus mykiss,Isofenphos,5.361764554918157
Oncorhynchus mykiss,Isopropalin,0.803
Oncorhynchus mykiss,Isoprothiolane,8.1
Oncorhynchus mykiss,Isoxaflutole,159.99999999999991
Oncorhynchus mykiss,Isoxathion,1.3
Oncorhynchus mykiss,Kinoprene,350.99999999999983
Oncorhynchus mykiss,Kresoxim-methyl,0.19
Oncorhynchus mykiss,Lactofen,3.6999999999999997
Oncorhynchus mykiss,lambda-Cyhalothrin,0.0018651811896135677
Oncorhynchus mykiss,Linuron,7.118707747899191
Oncorhynchus mykiss,Malathion,0.10454443897799912
Oncorhynchus mykiss,Mandipropamid,4.4
Oncorhynchus mykiss,MCPA,16.251835690058364
Oncorhynchus mykiss,MCPB,0.07000000000000002
Oncorhynchus mykiss,Mecoprop,10
Oncorhynchus mykiss,Metaflumizone,0.732
Oncorhynchus mykiss,Metalaxyl,68.09444776527505
Oncorhynchus mykiss,Metam-sodium,34.1
Oncorhynchus mykiss,Methamidophos,11.773530633766674
Oncorhynchus mykiss,Methiocarb,1.1779691370802823
Oncorhynchus mykiss,Methomyl,2.0778453909341175
Oncorhynchus mykiss,Methoprene,6.851179039658685
Oncorhynchus mykiss,Methoprotryne,9.864848297321881
Oncorhynchus mykiss,Methoxychlor,0.025492890060832142
Oncorhynchus mykiss,Methyl disulfide,0.96
Oncorhynchus mykiss,Methyl iodide,1.33
Oncorhynchus mykiss,Methyl parathion,5.556551211753028
Oncorhynchus mykiss,Metobromuron,43.159545404759484
Oncorhynchus mykiss,Metolachlor,7.12039324756716
Oncorhynchus mykiss,Metoxuron,63.999999999999986
Oncorhynchus mykiss,Metribuzin,78.94113887329027
Oncorhynchus mykiss,Molinate,3.8439304726349297
Oncorhynchus mykiss,Monocrotophos,5.09801281032075
Oncorhynchus mykiss,Monuron,100
Oncorhynchus mykiss,Myclobutanil,4.2
Oncorhynchus mykiss,Naled,0.18325357579462706
Oncorhynchus mykiss,Napropamide,10.835559516203393
Oncorhynchus mykiss,Naptalam,76.1
Oncorhynchus mykiss,Nicotine,4
Oncorhynchus mykiss,Nitralin,29.999999999999996
Oncorhynchus mykiss,Nitrofen,7
Oncorhynchus mykiss,Nonanoic acid,91.00000000000001
Oncorhynchus mykiss,Norflurazon,8.1
Oncorhynchus mykiss,Novaluron,62.399999999999984
Oncorhynchus mykiss,Octhilinone,0.056349181951539436
Oncorhynchus mykiss,Oryzalin,3.353654722835969
Oncorhynchus mykiss,Oxadiazon,3.742793790348711
Oncorhynchus mykiss,Oxamyl,5.333723492341148
Oncorhynchus mykiss,Oxycarboxin,19.9
Oncorhynchus mykiss,Oxydemeton-methyl,4.86798863255233
Oncorhynchus mykiss,Oxyfluorfen,0.3201562118716424
Oncorhynchus mykiss,"p,p'-DDT",0.00687967183922479
Oncorhynchus mykiss,Paraquat,15.000000000000004
Oncorhynchus mykiss,Paraquat dichloride,25.62910305109848
Oncorhynchus mykiss,Parathion,1.4271832809179752
Oncorhynchus mykiss,Pebulate,7.4
Oncorhynchus mykiss,Pendimethalin,1.5788834793270574
Oncorhynchus mykiss,Pentachloronitrobenzene,0.543561371881695
Oncorhynchus mykiss,Penthiopyrad,0.37069664147386067
Oncorhynchus mykiss,Permethrin,0.007511787865094562
Oncorhynchus mykiss,Phenmedipham,1.41
Oncorhynchus mykiss,Phenothrin,0.004835286961494634
Oncorhynchus mykiss,Phorate,0.019788570515086337
Oncorhynchus mykiss,Phosalone,0.30740852297878796
Oncorhynchus mykiss,Phosmet,0.4296546096464895
Oncorhynchus mykiss,Phoxim,0.37876631305746267
Oncorhynchus mykiss,Pinoxaden,2.35
Oncorhynchus mykiss,Piperophos,6
Oncorhynchus mykiss,Pirimicarb,103.87477232707995
Oncorhynchus mykiss,Pirimiphos-methyl,0.7767473580768824
Oncorhynchus mykiss,Potassium N-methyldithiocarbamate,62.20000000000001
Oncorhynchus mykiss,Prallethrin,0.012000000000000002
Oncorhynchus mykiss,Primisulfuron-methyl,209.99999999999991
Oncorhynchus mykiss,Profenofos,0.026988199093737685
Oncorhynchus mykiss,Prometon,14.876187079315905
Oncorhynchus mykiss,Prometryn,4.5694638635183455
Oncorhynchus mykiss,Propachlor,0.2672077843177478
Oncorhynchus mykiss,Propanil,5.425863986500214
Oncorhynchus mykiss,Propargite,0.1972770115876075
Oncorhynchus mykiss,Propetamphos,1.5666524822052912
Oncorhynchus mykiss,Propham,37.99999999999999
Oncorhynchus mykiss,Propiconazole,3.6766391199764326
Oncorhynchus mykiss,Propoxur,11.529675009137524
Oncorhynchus mykiss,Propyzamide,27.626074639731204
Oncorhynchus mykiss,Prothioconazole,1.7586074036009287
Oncorhynchus mykiss,Pyraclostrobin,0.006200000000000001
Oncorhynchus mykiss,Pyraflufen-ethyl,1.6
Oncorhynchus mykiss,Pyrethrins,0.023514769900340234
Oncorhynchus mykiss,Pyridaben,0.0010652733544169654
Oncorhynchus mykiss,Pyridalyl,0.5
Oncorhynchus mykiss,Pyridaphenthion,7.500000000000001
Oncorhynchus mykiss,Pyrimethanil,10.100000000000001
Oncorhynchus mykiss,Pyriproxyfen,0.45
Oncorhynchus mykiss,Quinoxyfen,0.27
Oncorhynchus mykiss,Quizalofop-ethyl,1.8222569914268227
Oncorhynchus mykiss,Resmethrin,0.0016323986601008392
Oncorhynchus mykiss,S-Metolachlor,11.900000000000002
Oncorhynchus mykiss,Secbumeton,21.341359826940376
Oncorhynchus mykiss,Sedaxane,1
Oncorhynchus mykiss,Sethoxydim,14.2828568570857
Oncorhynchus mykiss,Siduron,10.261578825892242
Oncorhynchus mykiss,Simazine,63.50675301523866
Oncorhynchus mykiss,Simetryn,7
Oncorhynchus mykiss,Spiromesifen,0.03494796131393074
Oncorhynchus mykiss,Spirotetramat,4.907056143962488
Oncorhynchus mykiss,Sulfotepp,0.04242640687119285
Oncorhynchus mykiss,tau-Fluvalinate,9.099999999999997e-4
Oncorhynchus mykiss,Tebuconazole,4.4
Oncorhynchus mykiss,Tebufenpyrad,0.017800000000000003
Oncorhynchus mykiss,Tebupirimfos,2.22
Oncorhynchus mykiss,Tebuthiuron,143.00000000000003
Oncorhynchus mykiss,Tefluthrin,7.141428428542852e-4
Oncorhynchus mykiss,Temephos,1.8611466017860174
Oncorhynchus mykiss,Tepraloxydim,4.450000000000001
Oncorhynchus mykiss,Terbacil,58.19525947146631
Oncorhynchus mykiss,Terbufos,0.013193855621167878
Oncorhynchus mykiss,Terbumeton,16.984992522418107
Oncorhynchus mykiss,Terbutryn,1.682814066208514
Oncorhynchus mykiss,Terbutylazine,5.044397159436237
Oncorhynchus mykiss,Tetraconazole,3.91
Oncorhynchus mykiss,Tetradifon,1.2480502938311424
Oncorhynchus mykiss,Tetramethrin,0.008814760348415607
Oncorhynchus mykiss,Thiabendazole,1.9750888209087625
Oncorhynchus mykiss,Thiacloprid,30.199999999999992
Oncorhynchus mykiss,Thiazopyr,3.4
Oncorhynchus mykiss,Thiobencarb,1.0720816623516398
Oncorhynchus mykiss,Thiodicarb,3.4500000000000006
Oncorhynchus mykiss,Thiometon,3.2000000000000006
Oncorhynchus mykiss,Thiophanate-methyl,10.956950978889898
Oncorhynchus mykiss,Thiram,0.0825253385911933
Oncorhynchus mykiss,Tolylfluanid,0.029999999999999995
Oncorhynchus mykiss,Tralomethrin,0.01392061003791908
Oncorhynchus mykiss,Tri-allate,1.0278175965119203
Oncorhynchus mykiss,Triadimefon,13.850847623525397
Oncorhynchus mykiss,Triadimenol,18.138357147217047
Oncorhynchus mykiss,Triazamate,0.53
Oncorhynchus mykiss,Trichlorfon,1.1736419923973547
Oncorhynchus mykiss,Triclopyr,4.415073282286283
Oncorhynchus mykiss,Tridiphane,0.53
Oncorhynchus mykiss,Trifloxystrobin,0.013999999999999999
Oncorhynchus mykiss,Trifluralin,0.07266350256549195
Oncorhynchus mykiss,Triforine,21.399999999999995
Oncorhynchus mykiss,Vernolate,4.912605229884845
Oncorhynchus mykiss,Vinclozolin,6.2148209950086235
Oncorhynchus mykiss,Z-Tetrachlorvinphos,0.43
Oncorhynchus mykiss,Zoxamide,0.156
Oncorhynchus nerka,Dichlorprop,0.7
Oncorhynchus nerka,Glyphosate,26.699999999999996
Oncorhynchus nerka,Hexazinone,452.9880573889272
Oncorhynchus nerka,Triclopyr,1.5326188647871062
Oncorhynchus tshawytscha,"2,4-Dichlorophenoxyacetic acid",4.8
Oncorhynchus tshawytscha,Amitrole,154.99999999999997
Oncorhynchus tshawytscha,Atrazine,26.5141471671257
Oncorhynchus tshawytscha,Azinphos-methyl,0.004300000000000001
Oncorhynchus tshawytscha,Boric acid,626.7609007728865
Oncorhynchus tshawytscha,Captan,0.0823407554009556
Oncorhynchus tshawytscha,Carbaryl,1.3719591201231267
Oncorhynchus tshawytscha,Chlordane,0.05700000000000001
Oncorhynchus tshawytscha,Diazinon,126.79708198535178
Oncorhynchus tshawytscha,Dichlorprop,0.6
Oncorhynchus tshawytscha,Dinoseb,0.15378881623837282
Oncorhynchus tshawytscha,Diquat dibromide,28.5
Oncorhynchus tshawytscha,Esfenvalerate,0.0167
Oncorhynchus tshawytscha,Glyphosate,66.74769113488908
Oncorhynchus tshawytscha,Hexazinone,479.92171755780845
Oncorhynchus tshawytscha,Malathion,0.05253570214625479
Oncorhynchus tshawytscha,Methoxychlor,0.027900000000000005
Oncorhynchus tshawytscha,Metolachlor,12.999999999999998
Oncorhynchus tshawytscha,Molinate,12.999999999999998
Oncorhynchus tshawytscha,"p,p'-DDT",0.007320519107276479
Oncorhynchus tshawytscha,Phosmet,0.15
Oncorhynchus tshawytscha,Pyrethrins,0.0445
Oncorhynchus tshawytscha,Simazine,77.49838707999025
Oncorhynchus tshawytscha,Thiobencarb,0.76
Oncorhynchus tshawytscha,Triclopyr,2.658024802348355
Opsopoeodus emiliae,Thiobencarb,1.3160740131162838
Oreochromis mossambicus,"2,4-Dichlorophenoxyacetic acid",1316.0529552628936
Oreochromis mossambicus,Carbaryl,0.044
Oreochromis mossambicus,Carbofuran,0.44
Oreochromis mossambicus,Chlorpyrifos,0.020228301063520998
Oreochromis mossambicus,Deltamethrin,0.25
Oreochromis mossambicus,Dichlorvos,1.6734545483777634
Oreochromis mossambicus,Endosulfan,0.001156796551931551
Oreochromis mossambicus,Etofenprox,1.74
Oreochromis mossambicus,Fenitrothion,5.05
Oreochromis mossambicus,Fenthion,1.71
Oreochromis mossambicus,Malathion,0.706471396098611
Oreochromis mossambicus,Methomyl,0.88
Oreochromis mossambicus,Methoxychlor,0.076
Oreochromis mossambicus,Monocrotophos,11.499999999999998
Oreochromis mossambicus,Monolinuron,54.000000000000014
Oreochromis mossambicus,"p,p'-DDT",0.009600885565391175
Oreochromis mossambicus,Phosalone,3.72
Oreochromis mossambicus,Profenofos,0.2720000000000001
Oreochromis mossambicus,Temephos,12.900000000000002
Oreochromis niloticus,Alachlor,0.382
Oreochromis niloticus,alpha-Cypermethrin,0.0034199999999999986
Oreochromis niloticus,Atrazine,7.200000000000001
Oreochromis niloticus,Bifenox,126.99999999999999
Oreochromis niloticus,Carbaryl,4.990490957811666
Oreochromis niloticus,Carbofuran,0.34169774572418526
Oreochromis niloticus,Chlorfenvinphos,0.03899999999999999
Oreochromis niloticus,Chlorothalonil,0.1095445115010332
Oreochromis niloticus,Chlorpyrifos,0.13279348796301713
Oreochromis niloticus,Chlorpyrifos-methyl,1.57
Oreochromis niloticus,Cypermethrin,0.002601182893702775
Oreochromis niloticus,Deltamethrin,0.014549914089093447
Oreochromis niloticus,Diazinon,4.682307123630401
Oreochromis niloticus,Dimethoate,1.1679165199609196
Oreochromis niloticus,Endosulfan,0.01797396620832478
Oreochromis niloticus,EPTC,225.0000000000001
Oreochromis niloticus,Fenitrothion,5.96
Oreochromis niloticus,Fenobucarb,2.300434741521698
Oreochromis niloticus,Fenthion,1.9
Oreochromis niloticus,Fenvalerate,0.014999999999999996
Oreochromis niloticus,Hexazinone,213.5415650406263
Oreochromis niloticus,Imazapyr,4.36
Oreochromis niloticus,Malathion,1.2435290084602109
Oreochromis niloticus,Methamidophos,50.559868610458125
Oreochromis niloticus,Methomyl,1.995026810610311
Oreochromis niloticus,Methyl parathion,18.999999999999996
Oreochromis niloticus,Monocrotophos,4.900000000000001
Oreochromis niloticus,Paraquat dichloride,10.862780491200217
Oreochromis niloticus,Pirimiphos-methyl,0.0034699999999999987
Oreochromis niloticus,Profenofos,2.02
Oreochromis niloticus,Propoxur,7.8993670632525985
Oreochromis niloticus,Pyridaphenthion,6.35
Oreochromis niloticus,Thiodicarb,2.05
Oreochromis niloticus,Trichlorfon,5.599999999999999
Oreochromis niloticus,Trifluralin,54.400000000000006
Oryzias latipes,"1,2-Dibromo-3-chloropropane",38.99999999999999
Oryzias latipes,"1,3-Dichloropropene",1.5
Oryzias latipes,"2,4-Dichlorophenoxyacetic acid",947.3142981859221
Oryzias latipes,Aldicarb,0.36677155528530553
Oryzias latipes,Allyl isothiocyanate,0.077
Oryzias latipes,Antimony potassium tartrate trihydrate,173.00000000000003
Oryzias latipes,Biphenyl,3.9
Oryzias latipes,Butachlor,0.27999999999999997
Oryzias latipes,Carbofuran,1.8099999999999998
Oryzias latipes,Chlorpyrifos,0.025000000000000005
Oryzias latipes,Diazinon,23.773625776060317
Oryzias latipes,Dicofol,0.27999999999999997
Oryzias latipes,Dinoseb,0.27999999999999997
Oryzias latipes,EPN,0.29
Oryzias latipes,Esprocarb,1.3
Oryzias latipes,Fenitrothion,3.9530999454017377
Oryzias latipes,Fenobucarb,9.8
Oryzias latipes,Fenthion,2.6
Oryzias latipes,Fipronil,0.0942
Oryzias latipes,Fluopicolide,0.67
Oryzias latipes,Iprobenfos,3.4
Oryzias latipes,Isoprothiolane,9.3
Oryzias latipes,Malathion,5.2115256883181535
Oryzias latipes,Methyl bromide,0.7
Oryzias latipes,Methyl disulfide,1.1
Oryzias latipes,Methyl parathion,5.699122739510002
Oryzias latipes,Molinate,26.500000000000004
Oryzias latipes,Naled,3
Oryzias latipes,Omethoate,138.99999999999997
Oryzias latipes,Oxytetracycline,109.99999999999997
Oryzias latipes,"p,p'-DDT",0.027690223124462524
Oryzias latipes,Pentachloronitrobenzene,0.32
Oryzias latipes,Permethrin,0.010999999999999998
Oryzias latipes,Pretilachlor,2.4
Oryzias latipes,Thiobencarb,2.522459476247053
Oryzias latipes,Trichlorfon,259.00000000000006
Perca flavescens,Acephate,49.99999999999999
Perca flavescens,Allethrin,0.00914369358511936
Perca flavescens,Azinphos-methyl,0.01345511068865933
Perca flavescens,Captan,0.11999999999999998
Perca flavescens,Carbaryl,2.601779425184565
Perca flavescens,Carbofuran,0.2028581466906306
Perca flavescens,Diflubenzuron,25.000000000000007
Perca flavescens,Dinitramine,0.9205164082515889
Perca flavescens,Diquat dibromide,43.8992183725938
Perca flavescens,Fenitrothion,3.4121945349821234
Perca flavescens,Fenthion,1.65
Perca flavescens,Folpet,0.177
Perca flavescens,Malathion,0.263
Perca flavescens,Methoxychlor,0.02193766701127407
Perca flavescens,Methyl parathion,3.06
Perca flavescens,"p,p'-DDT",0.002255088047259037
Perca flavescens,Phoxim,0.6230277240843627
Perca flavescens,Pyrethrins,0.04474930167052888
Perca flavescens,Resmethrin,8.515297941090322e-4
Perca fluviatilis,Trichlorfon,0.62
Phoxinus phoxinus,Dimethoate,0.5
Phoxinus phoxinus,Prometryn,4.500000000000001
Phoxinus phoxinus,Propiconazole,1.8
Pimephales promelas,"1,3-Dichloropropene",1.256629172695572
Pimephales promelas,"2-(2,4,5-Trichlorophenoxy)propionic acid",22.949527950326246
Pimephales promelas,"2-Methyl-4,6-dinitrophenol",2.1280324051744066
Pimephales promelas,"2,3,6-Trichlorobenzoic acid",0.2765863337187866
Pimephales promelas,"2,4-DB",17.999999999999996
Pimephales promelas,"2,4-Dichlorophenoxyacetic acid",141.48915787788454
Pimephales promelas,3-Iodo-2-propynyl-N-butylcarbamate,0.20000000000000004
Pimephales promelas,Acephate,223.60679774997897
Pimephales promelas,Alachlor,5.000000000000001
Pimephales promelas,Aldicarb,1.1227980633823116
Pimephales promelas,Allethrin,0.05830952242519796
Pimephales promelas,Allyl isothiocyanate,0.08560000000000001
Pimephales promelas,Ametryn,9.549869109050658
Pimephales promelas,Amitrole,100
Pimephales promelas,Atrazine,17.320508075688775
Pimephales promelas,Azinphos-methyl,0.4839953487621747
Pimephales promelas,Benfluralin,0.1
Pimephales promelas,Benomyl,1.7925377429233322
Pimephales promelas,Biphenyl,2.5861235234078666
Pimephales promelas,Bromacil,183.6588274616921
Pimephales promelas,Bromoxynil,12.829407149893015
Pimephales promelas,Butachlor,0.4447060772181392
Pimephales promelas,Captan,0.13527087514271982
Pimephales promelas,Carbaryl,8.22347343792931
Pimephales promelas,Carbofuran,1.040899558842314
Pimephales promelas,Chlordane,0.0951660766069854
Pimephales promelas,Chlorothalonil,0.022600000000000002
Pimephales promelas,Chlorpyrifos,0.18458059681735595
Pimephales promelas,Chlorpyrifos-methyl,0.678
Pimephales promelas,Clethodim,109.99999999999997
Pimephales promelas,Coumaphos,17.999999999999996
Pimephales promelas,Cyanazine,18.06004874543385
Pimephales promelas,Cyfluthrin,0.0010800000000000004
Pimephales promelas,Cyprazine,3.605495805017668
Pimephales promelas,Dalapon,290
Pimephales promelas,Diazinon,5.128451330386599
Pimephales promelas,Dichlobenil,6.352248774695795
Pimephales promelas,Dichlorvos,7.244745587857319
Pimephales promelas,Dicofol,0.5538216582378314
Pimephales promelas,Difenoconazole,1.8
Pimephales promelas,Diflubenzuron,430.0000000000001
Pimephales promelas,Dinitramine,1.5927245893836801
Pimephales promelas,Dinoseb,0.20600104914685904
Pimephales promelas,Diphenamid,47.99999999999999
Pimephales promelas,Diquat,23.010432416623548
Pimephales promelas,Diquat dibromide,32.72613634390713
Pimephales promelas,Disulfoton,3.214341470212202
Pimephales promelas,Dithianon,0.16499999999999998
Pimephales promelas,Diuron,15.450037127078554
Pimephales promelas,Endosulfan,0.001244146963373439
Pimephales promelas,Endothal,15.491933384829666
Pimephales promelas,EPN,0.18300691581788173
Pimephales promelas,Esfenvalerate,2.8162133099029536e-4
Pimephales promelas,Ethion,1.0755371391737194
Pimephales promelas,Fenitrothion,4.301433108668765
Pimephales promelas,Fenoxaprop-ethyl,7.119999999999999
Pimephales promelas,Fenpropathrin,0.0023700000000000006
Pimephales promelas,Fenthion,2.70547332462265
Pimephales promelas,Fenvalerate,0.0026346394233312293
Pimephales promelas,Fluazifop-butyl,0.37
Pimephales promelas,Fluometuron,64.99999999999999
Pimephales promelas,Fluridone,15.772681341954872
Pimephales promelas,Flutolanil,4.8
Pimephales promelas,Folpet,0.2163278628587221
Pimephales promelas,Furfural,22.117280015922283
Pimephales promelas,Glyphosate,13.642459757733567
Pimephales promelas,Hexazinone,274
Pimephales promelas,Hydramethylnon,0.07500000000000001
Pimephales promelas,Indaziflam,0.77
Pimephales promelas,Ioxynil,6.8
Pimephales promelas,Isopropalin,0.4300634394918179
Pimephales promelas,Malathion,13.07099649613422
Pimephales promelas,MCPB,12.500000000000002
Pimephales promelas,Methomyl,1.8870312919485244
Pimephales promelas,Methoprene,10
Pimephales promelas,Methoxychlor,0.021207389109622044
Pimephales promelas,Methyl parathion,7.573128945954275
Pimephales promelas,Metolachlor,8.19756061276768
Pimephales promelas,Molinate,27.000000000000004
Pimephales promelas,Monocrotophos,49.99999999999999
Pimephales promelas,Naled,3.2999999999999994
Pimephales promelas,Nonanoic acid,103.99999999999997
Pimephales promelas,Octhilinone,0.14
Pimephales promelas,Oleic acid,204.99999999999994
Pimephales promelas,Oxamyl,6.293318859888832
Pimephales promelas,"p,p'-DDT",0.017383013917663774
Pimephales promelas,Parathion,1.7045396020287555
Pimephales promelas,Penthiopyrad,0.6617401302626281
Pimephales promelas,Permethrin,0.0152695329354056
Pimephales promelas,Phorate,0.25
Pimephales promelas,Phosalone,0.2124146887576281
Pimephales promelas,Phosmet,7.827614154456193
Pimephales promelas,Phoxim,2.9
Pimephales promelas,Pinoxaden,20.000000000000004
Pimephales promelas,Pirimiphos-methyl,2.5
Pimephales promelas,Profenofos,0.08461382865702272
Pimephales promelas,Propanil,8.695884472203586
Pimephales promelas,Propoxur,14.832396974191333
Pimephales promelas,Pyrethrins,0.15388307249337077
Pimephales promelas,Pyridaben,0.002300000000000001
Pimephales promelas,Resmethrin,0.003960775943177357
Pimephales promelas,Sedaxane,0.91
Pimephales promelas,Simazine,25.365302821539988
Pimephales promelas,Sulfluramid,0.189
Pimephales promelas,Sulfotepp,0.178
Pimephales promelas,Temephos,34.1
Pimephales promelas,Terbufos,0.056394625221810955
Pimephales promelas,Terbumeton,49.69909455915671
Pimephales promelas,Thiram,0.02167763824774276
Pimephales promelas,Tralkoxydim,44
Pimephales promelas,Trichlorfon,43.599951665445495
Pimephales promelas,Trichloroacetic acid,2000.0000000000002
Pimephales promelas,Tridiphane,1.32
Pimephales promelas,Trifluralin,0.11882736556676546
Platygobio gracilis,Carbofuran,2.2747307532980687
Poecilia reticulata,"1,3-Dichloropropene",1.06
Poecilia reticulata,"2,4-Dichlorophenoxyacetic acid",24.30865243245863
Poecilia reticulata,"2,4,5-Trichlorophenoxyacetic acid",28.099999999999994
Poecilia reticulata,Aldicarb,0.666
Poecilia reticulata,Ametryn,1.8090366592169196
Poecilia reticulata,Amitrole,482.40646761833494
Poecilia reticulata,Atrazine,21.66663829472004
Poecilia reticulata,Azinphos-methyl,0.2749545416973504
Poecilia reticulata,Bromofenoxim,0.17999999999999997
Poecilia reticulata,Carbaryl,3.8425013197268827
Poecilia reticulata,Carbon disulfide,3.4583232931581165
Poecilia reticulata,Chlorbromuron,7.999999999999999
Poecilia reticulata,Chlordane,0.2545387986142781
Poecilia reticulata,Chlorfenvinphos,0.9616118754203165
Poecilia reticulata,Chlorotoluron,48.99999999999999
Poecilia reticulata,Chloroxuron,3.2000000000000006
Poecilia reticulata,Chlorpyrifos,0.035523513339758506
Poecilia reticulata,Chlorpyrifos-methyl,2.9005171952601834
Poecilia reticulata,Coumaphos,0.56
Poecilia reticulata,Cypermethrin,0.04437116180583961
Poecilia reticulata,Cyphenothrin,0.04869999999999999
Poecilia reticulata,Dalapon,222.89997756841535
Poecilia reticulata,Deltamethrin,0.016
Poecilia reticulata,Desmetryn,9.499999999999998
Poecilia reticulata,Diazinon,1.9968795202155665
Poecilia reticulata,Dichlorvos,3.2999999999999994
Poecilia reticulata,Dimethametryn,3
Poecilia reticulata,Dimethoate,37.48105429923136
Poecilia reticulata,Dinoseb,0.3382098786141162
Poecilia reticulata,Diquat dibromide,20.600000000000005
Poecilia reticulata,Disulfoton,0.27999999999999997
Poecilia reticulata,Endosulfan,0.0028835373202231993
Poecilia reticulata,Endothal,181.94999312998058
Poecilia reticulata,EPN,0.03200000000000001
Poecilia reticulata,Ethion,0.13000000000000003
Poecilia reticulata,Fenitrothion,2.8057084666800294
Poecilia reticulata,Fenthion,3.5135582944343136
Poecilia reticulata,Fenuron,610.0000000000001
Poecilia reticulata,Fluometuron,46
Poecilia reticulata,Malathion,1.3174897950619717
Poecilia reticulata,Methiocarb,1.26
Poecilia reticulata,Methoxychlor,0.17776301604072733
Poecilia reticulata,Methyl bromide,8.000000000000004e-4
Poecilia reticulata,Methyl parathion,7.517982781947442
Poecilia reticulata,Metolachlor,0.4209037894816344
Poecilia reticulata,Metoxuron,115.00000000000003
Poecilia reticulata,Monocrotophos,22.62498618784108
Poecilia reticulata,Nitrofen,1.594992162990151
Poecilia reticulata,Omethoate,47.99999999999999
Poecilia reticulata,"p,p'-DDT",0.022783218805297722
Poecilia reticulata,Paraquat,21.999999999999996
Poecilia reticulata,Parathion,0.050199601592044535
Poecilia reticulata,Permethrin,0.65
Poecilia reticulata,Phosmet,4.1
Poecilia reticulata,Piperophos,4
Poecilia reticulata,Pirimicarb,350
Poecilia reticulata,Pirimiphos-methyl,3.2496153618543837
Poecilia reticulata,Profenofos,0.8
Poecilia reticulata,Prometon,12.000000000000002
Poecilia reticulata,Prometryn,7
Poecilia reticulata,Propoxur,2.0394315813745436
Poecilia reticulata,Simazine,19.312469234667844
Poecilia reticulata,Temephos,8.037412518964047
Poecilia reticulata,Terbutylazine,1.6
Poecilia reticulata,Thiram,0.27
Poecilia reticulata,Trichlorfon,21.074564860592623
Poecilia reticulata,Trichloroacetic acid,9160.000000000002
Pogonichthys macrolepidotus,Diazinon,7.500000000000001
Pogonichthys macrolepidotus,Esfenvalerate,6.892024376045109e-4
Pomoxis nigromaculatus,Azinphos-methyl,0.003000000000000001
Pomoxis nigromaculatus,Carbaryl,2.6
Pomoxis nigromaculatus,"p,p'-DDT",0.005599999999999997
Ptychocheilus lucius,Boric acid,344.88396854175556
Ptychocheilus lucius,Carbaryl,2.6835029923630067
Ptychocheilus lucius,Malathion,9.14
Ptychocheilus lucius,"p,p'-DDT",0.5267876598713768
Ptychocheilus lucius,Parathion,2.779882389123725
Ptychocheilus lucius,Permethrin,0.02426593136013453
Ptychocheilus oregonensis,"p,p'-DDT",0.05899818054333631
Pungitius pungitius,Chlorpyrifos,0.004700000000000001
Rutilus rutilus,Chlorpyrifos,0.11999999999999998
Rutilus rutilus,Diazinon,4.500000000000001
Rutilus rutilus,Dichlobenil,9.499999999999998
Rutilus rutilus,Dimethoate,0.5
Rutilus rutilus,Malathion,12.000000000000002
Rutilus rutilus,Pirimiphos-methyl,0.84
Rutilus rutilus,Propanil,2.5
Rutilus rutilus,Propiconazole,1.8
Rutilus rutilus,Temephos,2.4
Salmo salar,Azinphos-methyl,0.0036062597044071894
Salmo salar,Carbaryl,1.2583146109522052
Salmo salar,Cypermethrin,0.0020000000000000005
Salmo salar,Dimethoate,0.13000000000000003
Salmo salar,Fenitrothion,1.10964708194112
Salmo salar,Fenvalerate,0.0011999999999999995
Salmo salar,Malathion,0.32
Salmo salar,Methomyl,0.9775355857219161
Salmo salar,Methoxychlor,0.011890169058943688
Salmo salar,Naled,0.16499999999999998
Salmo salar,"p,p'-DDT",0.0017999999999999997
Salmo salar,Permethrin,0.0042426406871192875
Salmo salar,Phoxim,0.45275686651973585
Salmo salar,Propoxur,11.199999999999998
Salmo salar,Pyrethrins,0.04000000000000001
Salmo salar,Temephos,10.949632994635152
Salmo salar,Trichlorfon,1.3796875194453115
Salmo trutta,Atrazine,25.98076211353317
Salmo trutta,Azinphos-methyl,0.0048629802258485025
Salmo trutta,Captan,0.05514342730247604
Salmo trutta,Carbaryl,2.552517622882486
Salmo trutta,Carbofuran,0.4444722945510959
Salmo trutta,Chlorsulfuron,38.98717737923586
Salmo trutta,Coumaphos,0.73
Salmo trutta,Cypermethrin,0.0011999999999999995
Salmo trutta,Dichlorprop,84.24962907930217
Salmo trutta,Dimethoate,0.13490737563232044
Salmo trutta,Dinitramine,0.860463311050975
Salmo trutta,Diquat,20.400000000000002
Salmo trutta,Diquat dibromide,7.307530362578044
Salmo trutta,Endosulfan,0.0012727922061357853
Salmo trutta,Fenitrothion,2.063844626772653
Salmo trutta,Fenoxaprop-ethyl,0.48000000000000004
Salmo trutta,Fenthion,1.8569659944280124
Salmo trutta,Folpet,0.05017591369493737
Salmo trutta,Glyphosate,5.4
Salmo trutta,Malathion,0.12683065862958479
Salmo trutta,MCPA,300.0000000000001
Salmo trutta,Methoxychlor,0.013999999999999999
Salmo trutta,Methyl parathion,4.700000000000001
Salmo trutta,"p,p'-DDT",0.006651245480798787
Salmo trutta,Paraquat dichloride,82
Salmo trutta,Phenothrin,0.010499999999999999
Salmo trutta,Phoxim,0.3322164843465547
Salmo trutta,Propiconazole,2.0169283576765933
Salmo trutta,Propoxur,2.11
Salmo trutta,Pyrethrins,0.03660040285787285
Salmo trutta,Resmethrin,7.500000000000001e-4
Salmo trutta,Simazine,76.22335600063802
Salmo trutta,Terbufos,0.020000000000000004
Salmo trutta,Trichlorfon,5.868674344424217
Salvelinus alpinus,Dimethoate,0.13000000000000003
Salvelinus fontinalis,Acephate,100
Salvelinus fontinalis,Atrazine,5.556077753235641
Salvelinus fontinalis,Azinphos-methyl,0.0011999999999999995
Salvelinus fontinalis,Captan,0.034
Salvelinus fontinalis,Carbaryl,1.9827058250253826
Salvelinus fontinalis,Chlorpyrifos-methyl,0.15874010519681997
Salvelinus fontinalis,Coumaphos,0.8
Salvelinus fontinalis,Dazomet,0.5
Salvelinus fontinalis,Diazinon,0.6235739265752471
Salvelinus fontinalis,Diflubenzuron,70.71067811865474
Salvelinus fontinalis,Fenitrothion,1.7429984242090357
Salvelinus fontinalis,Fenthion,5.500000000000001
Salvelinus fontinalis,Malathion,0.12489995996796796
Salvelinus fontinalis,Methomyl,1.4887041543568567
Salvelinus fontinalis,Methoxychlor,0.016611855423418854
Salvelinus fontinalis,"p,p'-DDT",0.009806948602220629
Salvelinus fontinalis,Parathion,1.745178565372833
Salvelinus fontinalis,Permethrin,0.0031526319485938913
Salvelinus fontinalis,Phenothrin,0.018499999999999996
Salvelinus fontinalis,Phoxim,0.5184055168872408
Salvelinus fontinalis,Propoxur,4.61519230368573
Salvelinus fontinalis,Resmethrin,0.0028875573122561144
Salvelinus fontinalis,Temephos,10.661716018648645
Salvelinus fontinalis,Thiodicarb,4.450000000000001
Salvelinus fontinalis,Trichlorfon,1.7839391053190161
Salvelinus namaycush,"2,4-Dichlorophenoxyacetic acid",67.78823095274916
Salvelinus namaycush,Allethrin,0.01642209989053187
Salvelinus namaycush,Captan,0.05465173990200884
Salvelinus namaycush,Carbaryl,0.9307370627786468
Salvelinus namaycush,Carbofuran,0.16399999999999998
Salvelinus namaycush,Chlorpyrifos,0.1411178005047429
Salvelinus namaycush,Coumaphos,0.9544547583291818
Salvelinus namaycush,Diazinon,0.6013325936878572
Salvelinus namaycush,Dichlorvos,0.18497026400922478
Salvelinus namaycush,Dicofol,0.087
Salvelinus namaycush,Dimethoate,0.13000000000000003
Salvelinus namaycush,Dinitramine,0.9910399574146666
Salvelinus namaycush,Dinoseb,0.1278861635829487
Salvelinus namaycush,Diuron,2.503727442829183
Salvelinus namaycush,EPTC,14.019593080345006
Salvelinus namaycush,Fenthion,2.0700189831416864
Salvelinus namaycush,Folpet,0.056526079796992895
Salvelinus namaycush,Malathion,0.09360632095038852
Salvelinus namaycush,Methoxychlor,0.01665990837100792
Salvelinus namaycush,Methyl parathion,5.180283572946549
Salvelinus namaycush,Naled,0.087
Salvelinus namaycush,"p,p'-DDT",0.009297849213662265
Salvelinus namaycush,Parathion,1.7643967207426128
Salvelinus namaycush,Pyrethrins,0.02998862531739455
Salvelinus namaycush,Resmethrin,0.0012833052597820518
Salvelinus namaycush,Temephos,2.4254105128625794
Salvelinus namaycush,Trichlorfon,1.2940506590702763
Sander vitreus,"1,3-Dichloropropene",1.08
Sander vitreus,Coumaphos,0.78
Sander vitreus,Diquat,1.844556550139932
Sander vitreus,EPN,0.35
Sander vitreus,Fluridone,1.8
Sander vitreus,Malathion,0.06399999999999999
Sander vitreus,Methoxychlor,0.019200000000000002
Sander vitreus,Oxydemeton-methyl,17.999999999999996
Sander vitreus,"p,p'-DDT",0.003652396473549934
Sander vitreus,Phorate,0.13921206844235884
Scardinius erythrophthalmus,Cypermethrin,4.0000000000000013e-4
Silurus glanis,Deltamethrin,6.859999999999999e-4
Silurus glanis,Diazinon,4.140000000000001
Silurus glanis,Dichlorvos,16.7
Tinca tinca,"2,4-Dichlorophenoxyacetic acid",800.0000000000003
Tinca tinca,"2,4,5-Trichlorophenoxyacetic acid",8.3
Tinca tinca,Diuron,15.499999999999996
Tinca tinca,MCPA,45.00000000000001
Tinca tinca,Methoxychlor,0.162
Tinca tinca,Monolinuron,25.000000000000007
Tinca tinca,"p,p'-DDT",0.37
Tinca tinca,Propoxur,7.242129614248617
Tinca tinca,Trichloroacetic acid,3419.9999999999986
Umbra pygmaea,Malathion,0.24
Xiphophorus helleri,Deltamethrin,2.87
Xiphophorus helleri,Diazinon,14.300000000000002
Xiphophorus maculatus,Deltamethrin,0.15
Xiphophorus maculatus,Diazinon,10.5
Xyrauchen texanus,Boric acid,247.4222100188113
Xyrauchen texanus,Carbaryl,4.364709800317511
Xyrauchen texanus,Permethrin,0.005963197498689849
